3568.59,3.57,18,11,1,0,0,0
3486.16,3.48,22,3,5,1,0,0
3470.96,3.47,21,7,2,2,0,0
3485.98,3.48,20,8,2,0,1,0
3683.49,3.68,16,5,1,0,0,1
3797,3.79,28,5,1,0,0,2
3618.91,3.61,101,30,11,0,1,0
3356.41,3.35,14,14,3,0,0,0
3065.55,3.06,8,18,4,1,0,0
3911.11,3.91,20,2,0,0,0,0
3633.49,3.62,90,38,4,0,1,0
2676.66,2.67,69,63,55,28,11,5
3160.47,3.15,81,111,37,0,3,0
3259.81,3.26,16,8,6,1,0,0
3376.58,3.38,14,16,2,0,0,0
3346.83,3.34,19,5,2,2,1,0
3516.89,3.51,25,6,2,1,1,0
3463.16,3.46,15,8,3,0,0,1
3802.32,3.8,23,1,0,0,1,0
3265.95,3.26,10,23,1,0,0,0
3501.95,3.5,18,12,2,0,0,1
3345.06,3.34,11,21,0,0,0,0
3457.15,3.45,24,16,4,0,0,0
3360.75,3.35,84,43,7,7,4,2
3749.97,3.74,109,21,1,0,3,1
3942.51,3.94,31,2,0,0,0,0
3549.44,3.55,37,28,1,0,0,0
3336.78,3.33,31,28,6,0,1,0
3631.79,3.63,21,3,2,1,0,0
3851.42,3.85,29,3,1,0,0,0
3506.6,3.49,119,111,2,1,0,0
3525.96,3.51,118,112,0,0,0,0
3517.01,3.52,17,16,0,0,0,0
3551.23,3.54,144,65,7,0,6,1
3606.47,3.59,142,59,10,0,2,1
3531.37,3.53,18,16,0,0,0,0
3351.75,3.35,15,24,1,0,0,0
3925.5,3.92,24,2,0,0,0,0
3546.75,3.55,12,10,0,0,0,0
3680.56,3.68,19,9,0,0,0,0
3374.13,3.37,55,9,4,1,7,0
3788.42,3.78,40,11,0,0,0,0
3887.84,3.88,41,1,0,0,1,0
3917.61,3.91,33,1,1,0,0,0
3547.5,3.55,19,13,1,0,0,1
3535.34,3.53,19,8,3,0,0,0
3529.04,3.53,26,8,2,2,0,0
3656.9,3.65,96,14,4,0,5,1
3884.88,3.88,39,2,0,1,0,0
3558.26,3.56,25,20,0,0,0,0
3325.46,3.32,66,42,24,0,0,2
3487.65,3.48,83,22,6,4,4,0
2857.55,2.85,36,38,22,9,4,1
3440.77,3.42,188,72,20,8,9,0
3218.61,3.22,11,6,6,0,0,0
3014.75,3.01,65,34,12,11,10,0
2987.97,2.99,22,29,14,0,3,2
2588.59,2.59,21,38,39,11,2,0
2797.6,2.8,19,8,9,5,3,0
3512.16,3.51,49,14,5,1,2,0
3748.69,3.74,57,10,1,2,0,0
3447.88,3.44,48,11,6,4,1,0
3754.08,3.75,40,4,4,0,0,0
3491.04,3.48,88,36,6,5,2,0
3442.42,3.44,64,20,14,3,0,1
2819.25,2.82,22,23,6,0,9,0
2931.11,2.93,22,18,9,4,3,0
3336.22,3.33,27,11,4,1,2,1
2835.82,2.83,21,15,17,7,0,0
2741.64,2.74,7,9,9,1,1,0
3784.22,3.77,113,14,2,0,3,0
3097.4,3.09,28,12,6,4,3,1
3095.52,3.09,48,40,15,1,7,0
3138.44,3.14,25,19,14,0,1,1
2322.16,2.32,5,7,10,4,2,0
2751.13,2.75,9,10,10,2,1,0
2973.05,2.97,14,11,7,1,2,1
3819.85,3.81,50,2,0,0,2,0
3182.68,3.18,43,14,7,4,5,0
2963.86,2.96,7,13,6,1,0,0
3735.88,3.73,25,4,0,0,1,0
3223.57,3.22,12,9,6,0,0,0
3503.66,3.5,35,9,3,2,1,1
3209.74,3.21,13,5,5,0,1,0
3738.61,3.73,52,5,0,1,2,0
3353.27,3.35,55,26,8,4,2,0
2630.35,2.63,5,14,3,3,2,0
3239.05,3.23,50,11,5,6,5,1
3100.63,3.09,78,22,9,6,15,0
3189.13,3.18,42,54,16,1,1,0
3213.8,3.21,30,14,10,1,2,0
3864.51,3.86,40,2,0,0,1,1
3631.79,3.63,21,4,1,0,1,0
3564.53,3.56,19,12,1,0,0,0
3967,3.96,27,1,0,0,0,0
3819.27,3.81,74,7,3,1,0,0
3567.1,3.56,29,7,0,2,1,0
3960.64,3.96,23,1,0,0,0,0
3824.05,3.82,26,0,1,1,0,0
3072.1,3.07,21,13,4,1,4,1
3200.39,3.19,54,33,13,4,4,1
2735.09,2.73,24,42,20,3,8,0
2782.25,2.78,15,12,7,4,3,0
3868.44,3.86,81,11,1,0,0,0
3002.38,3,22,6,6,2,4,0
3696.81,3.69,55,7,5,0,1,0
3216.33,3.21,18,16,7,1,0,0
3643.4,3.63,83,24,6,2,0,0
2751.47,2.75,11,21,10,5,1,0
3467.13,3.46,69,43,12,0,0,0
3864.88,3.85,111,8,2,2,0,0
3678.57,3.68,28,7,1,1,0,0
3270.39,3.27,10,13,3,0,0,0
3716.46,3.71,21,6,1,0,0,0
3492.83,3.49,54,12,10,0,2,1
2441.06,2.44,9,5,4,2,5,0
3076.71,3.07,53,37,10,4,9,1
3710.3,3.71,19,4,0,1,0,2
3601.78,3.6,17,7,0,1,0,0
3468.6,3.47,18,10,0,2,0,1
3602.28,3.6,22,5,2,1,0,0
3669.73,3.67,30,4,0,0,2,0
3775.09,3.77,42,4,0,1,1,0
3717.86,3.71,35,4,2,0,1,0
3232.92,3.23,21,0,0,0,5,0
3865.66,3.86,20,1,1,0,0,0
3048.74,3.05,10,6,3,0,2,1
3895.72,3.89,44,1,0,0,1,0
3842.23,3.84,22,2,1,0,0,0
3365.15,3.36,62,23,19,1,1,2
3878.46,3.87,78,4,2,1,0,0
3774.22,3.77,27,8,0,0,0,1
3662.57,3.64,241,36,8,7,9,0
3753.42,3.75,33,11,0,0,0,1
3081.4,3.08,23,5,4,2,4,0
3689.14,3.68,66,13,5,0,1,0
3065.93,3.06,82,31,28,6,11,1
1870.96,1.87,16,34,37,29,28,2
3688.72,3.67,143,24,10,1,3,1
2952.96,2.95,17,28,13,2,1,0
3715.94,3.71,16,4,1,0,0,0
2242.24,2.24,6,8,6,5,4,3
3467.86,3.46,50,8,3,2,4,0
3626.44,3.62,60,11,6,1,1,0
2819.44,2.82,24,18,6,7,5,1
3841,3.84,31,6,0,0,0,0
2942.6,2.94,12,15,3,1,3,0
3882.23,3.88,22,3,0,0,0,0
3683.39,3.68,15,7,0,0,0,0
3521.78,3.52,17,5,2,1,0,0
3653.84,3.65,16,6,1,0,0,0
3565.95,3.56,33,10,4,1,0,0
3855.98,3.85,30,3,1,0,0,0
3143.27,3.14,26,19,7,4,1,1
3773.35,3.77,61,9,2,0,1,1
3215.93,3.18,316,84,40,27,43,4
3187.35,3.18,38,10,3,3,6,0
3681.8,3.65,314,38,26,5,8,1
3421.43,3.42,30,22,1,0,2,0
3311.16,3.31,49,23,6,4,3,2
3313.38,3.29,196,63,21,9,22,3
3187.17,3.19,19,2,2,0,4,0
3862.3,3.84,251,24,0,6,1,1
3620.7,3.62,16,4,0,0,1,0
3594.93,3.59,23,1,1,0,2,0
3755.83,3.71,475,57,25,7,10,2
3855.9,3.85,29,5,0,0,0,1
3845.47,3.84,33,4,1,0,0,1
3386.23,3.38,15,7,3,1,0,0
3811.26,3.81,17,4,0,0,0,0
3228.66,3.23,13,6,0,1,2,0
3430.13,3.43,15,4,0,0,2,0
3199.43,3.19,101,39,16,5,14,2
2991.82,2.99,45,71,19,5,6,1
3295.92,3.29,59,40,9,1,5,0
3185.09,3.18,61,47,11,3,7,2
3608.19,3.61,20,13,0,0,0,0
3137.39,3.14,9,10,1,1,1,0
2870.33,2.87,17,10,5,1,5,0
2724.24,2.72,32,26,19,9,7,0
3436.77,3.43,40,27,6,1,0,0
3517.53,3.51,56,18,12,0,0,0
3446.56,3.44,47,20,8,1,1,0
3239.39,3.24,12,6,1,0,2,0
3683.84,3.68,20,0,0,1,1,0
3752.97,3.75,29,5,2,0,0,0
3855.22,3.85,41,5,1,0,0,0
3683.66,3.68,18,1,3,0,0,0
3364.64,3.35,127,27,12,7,12,1
3149.11,3.15,19,8,3,1,3,0
2869.62,2.87,9,21,5,0,3,1
2892.94,2.89,33,41,26,5,3,0
3264.57,3.26,25,11,2,0,4,0
3859.67,3.86,25,2,1,0,0,0
3747.04,3.74,34,2,2,0,1,0
3965.57,3.96,26,1,0,0,0,0
3648.58,3.64,41,0,0,0,4,0
3461.81,3.46,22,10,5,0,0,0
3558.26,3.56,26,8,0,0,2,0
3525.98,3.52,31,9,2,0,2,2
2834.11,2.83,6,11,5,1,1,0
3710.1,3.71,17,7,0,0,0,0
3635.75,3.63,40,13,4,0,0,0
3373.89,3.36,112,34,14,7,7,0
3440.32,3.43,92,24,13,4,4,1
3304.85,3.3,80,32,13,3,7,0
3371.22,3.36,72,21,8,3,6,0
3032.98,3.03,32,18,10,4,4,1
3661.57,3.66,29,10,2,0,0,1
3344.23,3.34,26,7,4,4,0,2
3049.86,3.05,20,12,5,2,3,2
3161.7,3.15,91,67,26,7,7,1
3322.76,3.29,265,145,41,14,18,8
3045.41,3.04,49,26,13,4,8,0
3915.16,3.91,21,2,0,0,0,0
3834.72,3.81,194,28,3,0,2,1
3651.45,3.65,27,7,3,0,0,0
3975.49,3.97,88,1,1,0,0,0
3638.86,3.63,75,20,6,2,0,1
3928.55,3.89,353,23,4,2,1,0
3946.18,3.94,33,2,0,0,0,0
3849.34,3.84,55,8,1,0,0,0
3838.67,3.82,198,22,2,1,3,1
3738.06,3.74,27,5,2,0,0,0
3978.91,3.98,39,1,0,0,0,0
3947.95,3.94,35,0,1,0,0,0
3808.41,3.8,40,5,0,0,1,0
3969.71,3.96,54,2,0,0,0,0
3310.24,3.31,24,5,9,0,1,0
3864.26,3.86,31,5,0,0,0,0
3258.04,3.26,20,17,4,1,1,0
3906.06,3.9,28,3,0,0,0,0
3668.62,3.67,19,4,0,0,1,0
3856.62,3.85,47,6,1,0,0,0
3851.75,3.85,55,10,0,0,0,0
3982.19,3.98,44,1,0,0,0,0
3719.15,3.71,47,14,2,0,0,0
3937.74,3.93,55,4,0,0,0,0
3845.37,3.84,32,6,0,0,0,0
3991.03,3.98,64,1,0,0,0,0
3543.12,3.54,29,19,2,0,0,1
3284.78,3.28,19,22,4,1,0,0
3956.66,3.95,21,1,0,0,0,0
3841.23,3.84,48,5,2,0,0,0
3928.45,3.93,25,2,0,0,0,0
3694.19,3.69,18,8,0,0,0,0
3978.17,3.97,38,1,0,0,0,0
3986.79,3.98,53,1,0,0,0,0
3533.2,3.53,18,13,1,0,0,1
3927.83,3.92,59,5,0,0,0,0
3947.86,3.94,34,2,0,0,0,0
3705.57,3.7,33,14,0,0,0,0
3765.62,3.67,978,166,30,9,39,8
3972.91,3.97,32,1,0,0,0,0
3895.39,3.89,25,3,0,0,0,0
3654.11,3.65,28,15,0,0,0,0
3959.03,3.95,95,3,1,0,0,0
3481.6,3.48,15,9,0,0,1,0
3535.34,3.53,19,10,0,0,1,0
3890.31,3.89,39,5,0,0,0,0
3894.07,3.79,992,182,13,0,10,0
3466.86,3.42,423,274,59,9,7,9
3402.57,3.4,23,24,3,0,0,0
3590.65,3.59,23,9,1,1,0,0
3478.19,3.48,31,3,3,0,3,0
3931.28,3.93,27,0,1,0,0,0
3441.6,3.44,15,6,4,0,0,0
3971.82,3.97,57,2,0,0,0,0
3500.68,3.49,57,27,7,2,0,0
3241.4,3.24,20,20,4,1,1,1
3276.29,3.27,50,26,17,2,1,0
3427.62,3.42,50,33,4,1,2,0
3322.57,3.32,23,22,3,2,0,0
3729.76,3.73,24,9,0,0,0,0
3913.13,3.91,40,4,0,0,0,0
3821.86,3.82,36,8,0,0,0,0
3746.45,3.74,84,15,2,0,2,0
3828.46,3.83,34,5,1,0,0,0
3968.33,3.97,28,1,0,0,0,0
3891.32,3.89,24,3,0,0,0,0
3780.03,3.78,22,4,1,0,0,0
3697.41,3.7,17,5,1,0,0,0
3906.68,3.9,19,2,0,0,0,0
3931.19,3.93,26,2,0,0,0,0
3872.04,3.87,36,1,0,0,1,0
3987.23,3.98,54,1,0,0,0,0
3691.13,3.69,35,11,2,0,0,0
3412.49,3.4,94,70,9,5,1,1
3213.85,3.21,41,31,8,3,3,0
3594.37,3.59,40,17,4,0,0,0
2677.68,2.68,14,34,18,4,4,0
3328.62,3.33,23,17,5,0,1,0
3283.96,3.28,23,36,5,0,0,0
3531.46,3.53,19,14,1,0,0,0
3534.99,3.53,29,15,2,1,0,0
3445.97,3.44,14,11,2,0,0,0
3600.99,3.6,40,20,1,1,0,0
2801.15,2.8,10,7,3,3,2,0
3668.65,3.67,19,7,1,0,0,0
3001.45,3,13,6,7,0,2,0
3705.77,3.7,20,6,1,0,0,0
3576.11,3.57,45,12,4,1,1,0
3467.61,3.46,35,31,3,0,0,0
3413.54,3.41,16,16,2,0,0,0
3477.57,3.48,13,6,1,1,0,0
3683.48,3.68,16,5,1,0,0,0
3842.14,3.84,21,4,0,0,0,0
3323.24,3.32,17,6,3,1,1,0
2059.7,2.06,6,9,7,5,7,0
3447.05,3.44,24,19,1,0,1,0
3427.38,3.43,22,14,3,1,0,0
3001.31,3,12,4,3,0,3,1
3967.38,3.96,51,2,0,0,0,0
3444.27,3.44,22,19,1,1,0,0
3899.9,3.89,51,6,0,0,0,0
3381.97,3.38,9,11,1,0,0,0
3711.97,3.71,22,9,0,0,0,0
3620.61,3.62,15,4,2,0,0,0
3274.5,3.27,16,14,1,0,2,0
2904.19,2.9,23,26,16,4,2,0
3352.2,3.35,20,14,6,0,0,0
2772.22,2.77,29,40,28,7,4,1
3108.23,3.11,9,13,6,0,0,0
2772.3,2.77,11,17,18,2,0,0
3576.16,3.57,44,33,0,0,0,0
2850.15,2.85,14,44,17,3,1,0
2992.03,2.99,22,47,23,0,0,0
2619.8,2.62,6,6,5,3,1,0
3550.41,3.55,19,10,2,0,0,0
3228.21,3.23,8,11,3,0,0,0
3619.88,3.62,21,13,0,0,0,0
3501.41,3.5,13,10,1,0,0,0
3547.4,3.55,18,15,0,0,0,0
2771.19,2.76,96,119,58,37,14,5
2608.94,2.6,74,103,128,20,14,7
3823.36,3.67,1495,224,75,39,31,11
2823.64,2.82,62,110,46,17,9,5
3598.81,3.55,439,126,34,8,15,3
2749.61,2.75,31,42,27,9,5,7
3189.57,3.19,35,21,7,6,1,1
3558.49,3.55,92,28,8,4,1,1
2692,2.69,19,59,29,9,3,2
2979.52,2.97,60,44,28,6,8,6
3703.23,3.68,227,67,8,1,3,0
2700.38,2.7,27,47,36,8,4,1
3242.6,3.24,50,23,22,1,1,2
2819.77,2.82,24,25,12,5,5,0
2973.57,2.97,32,33,33,1,0,0
2579.32,2.58,23,53,29,13,7,0
3845.6,3.83,121,13,3,0,1,0
1989.39,1.99,12,18,25,7,18,1
3342.27,3.34,30,23,3,2,1,0
3477.3,3.48,10,11,0,0,0,0
3533.1,3.53,17,15,0,0,0,0
3286.55,3.29,7,13,1,0,0,0
3485.53,3.48,15,16,0,0,0,0
3613.54,3.61,23,12,1,0,0,0
3572.99,3.57,15,3,3,0,0,0
3465.41,3.46,71,20,12,2,2,1
3825.99,3.81,196,31,2,2,1,0
3600.61,3.59,93,28,7,4,0,1
3314.22,3.31,53,12,7,6,3,0
3470.23,3.46,68,14,7,1,5,0
3648.49,3.63,132,34,7,3,2,0
3248.77,3.24,45,22,8,4,3,0
3619.71,3.6,142,54,4,1,4,0
3647.51,3.64,29,16,0,0,0,1
3192.04,3.19,48,26,9,2,6,0
3724.45,3.72,86,7,7,0,2,0
3368.8,3.36,117,41,18,4,8,1
3103.07,3.1,68,35,20,4,9,0
3657.02,3.65,73,16,6,2,0,0
3456.41,3.45,17,14,2,0,0,0
3827.97,3.82,53,7,2,0,0,0
3344.93,3.34,27,3,3,4,1,1
3193.84,3.19,45,29,7,6,3,0
3669.76,3.67,30,6,2,1,0,0
3954.39,3.95,20,1,0,0,0,0
3763,3.76,48,13,1,0,0,0
3296.47,3.29,39,13,9,1,3,0
3969.58,3.97,29,1,0,0,0,0
3877.6,3.87,48,7,0,0,0,0
3958.73,3.96,22,1,0,0,0,0
3823.87,3.82,24,3,1,0,0,0
3895.51,3.89,36,0,0,0,1,1
3871.6,3.87,20,3,0,0,0,0
3817.33,3.81,25,1,0,0,1,0
3598.27,3.6,29,10,2,1,0,0
3468.51,3.47,17,10,3,0,0,1
3788.24,3.79,25,2,0,0,1,0
3858.97,3.86,18,3,0,0,0,0
3594.3,3.59,16,11,0,0,0,0
3964.06,3.96,25,1,0,0,0,1
3793.8,3.79,21,2,0,1,0,0
3716.13,3.71,18,2,0,0,1,1
3793.62,3.79,19,5,0,0,0,0
3958.74,3.96,22,1,0,0,0,1
3922.33,3.92,23,2,0,0,0,1
3830.31,3.83,27,1,0,0,1,0
1250.85,1.25,5,6,3,6,20,0
3947.88,3.94,81,1,0,0,1,0
3331.63,3.33,35,16,7,1,2,0
3635.8,3.63,24,4,0,1,1,1
3237.03,3.23,28,11,2,3,3,0
3795.73,3.79,26,2,0,0,1,0
3394.67,3.39,17,8,1,1,1,0
3802.73,3.8,27,2,0,0,1,0
3432.39,3.42,89,24,8,1,8,0
3195.57,3.19,19,7,0,2,3,0
2715.48,2.71,10,7,7,1,3,1
3656.09,3.65,22,1,2,0,1,0
3042.99,3.04,12,6,3,1,2,0
3871.78,3.87,22,0,0,1,0,0
3307.51,3.3,78,27,9,8,5,1
3430.2,3.43,15,11,1,1,0,0
3463.06,3.46,14,11,0,1,0,0
3802.55,3.8,25,4,1,0,0,0
3179.84,3.18,11,13,3,0,1,0
2549.63,2.55,24,19,15,8,9,5
3001.28,3,11,10,5,3,0,0
2420.57,2.42,22,39,44,14,8,0
3809.28,3.81,28,2,0,0,1,0
3573.51,3.57,20,4,4,0,0,0
3626.95,3.63,19,3,0,2,0,0
3565.21,3.55,124,29,13,2,4,0
2924.34,2.92,11,6,6,2,1,1
3158.28,3.16,19,3,7,2,1,0
3241.6,3.24,15,6,1,1,2,0
3131.56,3.13,10,8,4,0,1,0
3116.08,3.11,16,9,8,2,0,0
3231.75,3.23,8,16,2,0,0,0
2845.06,2.84,11,12,4,3,2,0
3658.55,3.66,22,9,1,0,0,0
3518.24,3.52,20,9,1,0,1,0
3917.52,3.91,32,3,0,0,0,0
3658.91,3.66,26,3,2,0,1,0
3783.91,3.78,26,5,1,0,0,0
3828.03,3.83,19,4,0,0,0,0
3157.75,3.15,44,20,13,6,2,0
3654.96,3.64,159,16,5,1,10,0
2965.38,2.96,9,10,8,1,0,0
3287.09,3.29,13,4,2,1,1,0
3565.56,3.56,61,26,4,1,1,0
2525.01,2.52,11,1,2,2,5,0
3687.38,3.68,31,5,0,1,1,0
3971.74,3.95,253,6,0,0,2,0
3728,3.68,424,56,22,8,10,2
3049.85,3.03,163,97,48,16,24,9
3787.67,3.68,1032,105,41,19,37,12
3674.25,3.64,323,38,9,7,16,3
3089.54,3.08,57,19,21,6,5,0
3961.82,3.93,288,4,4,0,2,3
3903.91,3.9,39,0,0,0,1,0
3686.62,3.68,46,19,1,0,0,0
3592.39,3.57,263,43,20,9,10,5
3637.77,3.63,116,20,1,7,3,1
3138.52,3.14,19,16,6,2,1,1
3571.17,3.56,105,19,10,5,2,3
3595,3.59,47,9,0,4,1,0
3534.94,3.51,195,48,14,11,6,5
3408.89,3.4,83,38,14,2,3,2
2961.57,2.95,109,89,71,19,5,2
3876.32,3.85,248,13,2,1,5,1
3594.61,3.59,36,3,2,1,2,2
3202.2,3.2,20,13,4,1,2,0
3587.39,3.58,71,22,3,2,2,0
3376.82,3.37,96,26,17,9,2,1
3424.51,3.42,13,11,2,0,0,0
3342.41,3.34,48,24,10,3,1,2
3772.55,3.76,151,13,3,1,5,0
3517.19,3.52,19,12,2,0,0,0
3590.84,3.59,38,3,2,0,3,0
3963.96,3.96,68,1,1,0,0,0
3685.53,3.67,127,46,2,0,2,1
3480.99,3.46,226,84,24,6,10,1
3737.01,3.71,287,15,16,6,8,3
3354.11,3.35,49,28,2,4,3,0
3618.87,3.61,53,19,1,0,2,2
3645.3,3.64,87,16,2,0,5,1
2910.22,2.9,49,24,13,11,8,0
2927.78,2.92,39,44,23,8,3,2
3802.14,3.8,21,3,1,0,0,0
3831.84,3.82,75,16,0,0,0,0
3177.47,3.18,23,10,2,1,4,0
3608.96,3.61,17,11,0,0,0,1
3578.16,3.58,23,6,4,0,0,0
3639.12,3.64,27,4,0,0,2,0
3669.22,3.67,25,2,2,0,1,0
3891.14,3.88,107,8,1,0,1,0
3919.14,3.91,53,5,0,0,0,0
3652.68,3.64,127,34,8,0,3,0
3751.86,3.75,18,6,0,0,0,0
3715.18,3.7,123,30,1,1,3,0
3787.97,3.79,22,6,0,0,0,0
3886.96,3.88,23,3,0,0,0,1
3774.91,3.77,40,7,0,0,1,0
3786.51,3.78,46,6,3,0,0,0
3880.96,3.88,59,4,0,0,1,1
3906.77,3.9,20,0,1,0,0,0
3680.83,3.68,22,5,0,0,1,0
3669.16,3.67,24,8,0,1,0,0
3998.45,3.97,289,5,0,0,1,0
3908.6,3.9,38,4,0,0,0,0
3903.19,3.88,242,29,0,0,1,1
3523.59,3.52,18,3,0,0,2,0
3536.91,3.53,78,15,5,0,6,0
3218.79,3.22,13,4,4,2,0,0
2566.23,2.57,6,23,12,1,4,1
3722.05,3.72,20,3,2,0,0,0
3848.48,3.85,23,2,1,0,0,0
3740.98,3.74,18,4,1,0,0,0
3716.86,3.71,49,5,3,2,0,0
3774.57,3.77,18,3,1,0,0,0
3697.5,3.7,18,3,2,0,0,0
3527.57,3.52,91,34,10,3,1,0
3088,3.09,9,9,3,2,0,0
3710.28,3.71,19,3,2,0,0,0
2988.57,2.98,55,26,18,6,9,2
2892.95,2.89,34,40,13,4,8,1
3377.56,3.37,97,27,9,8,6,1
3484.76,3.48,19,6,3,1,0,0
2962.83,2.96,17,21,7,6,0,1
2995.95,2.99,48,27,19,6,6,0
3460.29,3.46,19,1,2,0,2,1
2996.31,2.99,64,67,32,11,4,1
3631.54,3.63,29,3,1,0,2,1
2591.66,2.59,21,16,24,9,3,0
3658.82,3.66,25,3,4,0,0,0
2524.09,2.52,10,13,14,4,3,2
3048.55,3.05,8,7,5,1,0,0
2824.56,2.82,15,29,12,4,2,1
2661.77,2.66,14,16,11,7,2,1
3001.84,3,16,14,6,2,2,0
3201.38,3.2,12,13,4,1,0,0
3203.95,3.19,108,76,22,11,7,3
2939.33,2.93,59,67,38,6,7,5
3319.04,3.32,7,15,0,0,0,1
3752.48,3.75,24,8,0,0,0,0
2863.18,2.86,18,40,14,6,1,1
2923.44,2.92,15,22,9,5,0,1
3582.94,3.58,22,6,2,1,0,0
3601.78,3.6,17,6,2,0,0,0
2964.53,2.96,19,41,17,1,1,0
3081.33,3.08,12,6,4,3,0,0
3163.36,3.16,36,15,12,5,1,1
3826.48,3.82,29,4,1,0,0,0
3308.28,3.3,41,26,7,5,0,0
3287.16,3.29,13,10,5,0,0,0
3319.56,3.32,23,11,4,3,0,1
3343.85,3.34,22,13,4,2,0,0
3677.11,3.67,35,12,2,0,0,0
3915.25,3.91,41,4,0,0,0,0
3649.65,3.65,25,7,1,1,0,0
3831.53,3.83,29,6,0,0,0,0
3966.57,3.96,50,2,0,0,0,1
3849.52,3.85,33,6,0,0,0,1
3756.85,3.75,67,8,4,0,1,2
3851.61,3.85,31,1,0,0,1,1
3395.83,3.39,35,8,3,3,2,1
3328.53,3.33,22,20,2,1,1,0
2880.2,2.88,12,10,7,3,1,0
2429.41,2.43,7,3,5,4,2,0
2914.17,2.91,10,5,5,2,1,0
3305.07,3.3,19,8,4,1,1,0
3326.76,3.32,23,6,6,1,1,0
2967.09,2.97,14,8,3,0,4,2
3084.47,3.08,21,27,11,1,1,0
3789.33,3.78,76,8,0,1,2,1
3765.2,3.76,32,10,0,0,0,0
3257.86,3.26,23,18,3,1,2,0
2592.32,2.59,17,17,15,9,3,2
3716.95,3.71,50,4,3,1,1,0
3001.82,3,17,4,3,1,4,0
3145.09,3.14,20,16,2,0,4,1
2655.28,2.65,10,22,13,6,1,1
3406.62,3.4,25,24,2,1,0,0
3681.13,3.68,56,18,2,1,0,0
3770.93,3.77,34,8,1,0,0,0
3295.9,3.29,16,13,4,1,0,0
3591.2,3.59,49,4,0,0,5,0
3712.07,3.71,36,10,2,0,0,2
3238.95,3.24,7,12,2,0,0,1
3446.42,3.44,18,16,2,0,0,0
3537.85,3.53,31,27,0,0,0,0
3344.47,3.34,14,19,2,0,0,0
3426.66,3.42,26,32,1,0,0,0
3877.13,3.88,21,3,0,0,0,0
3467.44,3.42,468,249,50,8,23,5
3613.45,3.61,22,14,0,0,0,0
3976.58,3.97,36,1,0,0,0,0
3477.57,3.48,13,7,0,0,1,0
3552,3.54,74,6,2,1,7,0
3762.32,3.76,23,0,1,0,1,0
3579.16,3.58,22,1,1,0,2,0
3161.43,3.16,13,7,3,0,2,1
3527.2,3.52,73,15,11,0,3,0
3788.33,3.79,26,0,1,0,1,0
3694.39,3.69,59,15,1,1,1,0
3716.21,3.71,19,0,0,2,0,0
3859.68,3.86,25,2,1,0,0,1
3828.12,3.83,20,2,1,0,0,0
3956.67,3.95,21,1,0,0,0,1
3952.8,3.95,54,3,0,0,0,0
2451.55,2.45,23,8,1,2,15,1
3964.05,3.96,25,1,0,0,0,0
3365.12,3.36,14,4,3,0,1,0
3759.3,3.76,31,10,0,0,0,0
3384.69,3.38,22,5,6,0,1,2
3394.95,3.39,20,5,0,0,3,1
3848.39,3.85,22,4,0,0,0,0
3936.24,3.93,29,0,1,0,0,0
3588.4,3.59,21,6,1,0,1,1
3572.81,3.57,13,7,1,0,0,0
3175.67,3.17,17,1,1,0,4,0
3112.46,3.11,12,12,0,0,3,0
3345.87,3.34,20,9,0,0,3,0
3104.91,3.1,13,12,1,0,3,0
3424.88,3.42,17,5,3,0,1,1
3450.37,3.45,20,6,1,0,2,0
3936.16,3.93,28,2,0,0,0,1
3521.96,3.52,19,2,2,2,0,0
3891.41,3.89,25,1,1,0,0,0
2705.33,2.7,15,3,1,2,6,1
3864.61,3.86,25,4,0,0,0,0
3784.46,3.78,18,5,0,0,0,0
3638.38,3.64,20,0,0,0,2,0
3477.75,3.48,15,3,2,0,1,0
2810,2.81,3,12,5,1,0,0
3868.2,3.86,33,3,1,0,0,0
3826,3.82,37,8,0,0,0,0
3805.33,3.8,52,13,0,0,0,0
3628.33,3.62,53,3,0,0,5,0
3835.37,3.83,20,4,0,0,0,0
3995.66,3.99,80,1,0,0,0,0
3969.72,3.96,54,2,0,0,0,1
3988.47,3.98,57,1,0,0,0,0
3886.95,3.88,23,3,0,0,0,0
3817.53,3.81,35,8,0,0,0,0
3804.46,3.8,44,4,1,0,1,0
3717.91,3.7,179,28,12,1,3,2
3035.08,3.03,30,15,12,2,4,0
3251.9,3.25,18,5,2,0,3,0
3436.54,3.43,17,2,2,1,1,0
3687.84,3.68,76,18,5,0,1,0
3864.36,3.86,32,3,1,0,0,1
3780.12,3.78,23,3,0,1,0,0
3900.18,3.9,43,5,0,0,0,0
3752.53,3.75,25,1,1,0,1,0
3887.04,3.88,24,1,1,0,0,0
3753.1,3.75,30,10,0,0,0,0
3041.76,3.04,28,31,14,4,1,0
3771.02,3.77,35,6,2,0,0,0
3656.37,3.63,274,26,26,4,9,0
3337.92,3.33,44,8,5,0,6,0
3193.74,3.19,13,10,0,1,2,0
2928.59,2.93,15,15,7,1,3,0
3444.34,3.44,73,43,5,2,3,0
3664.15,3.66,36,16,1,0,0,0
3335.19,3.33,17,10,6,0,0,0
3774.48,3.77,17,5,0,0,0,0
3705.68,3.7,29,6,1,1,0,0
3456.03,3.45,14,4,4,0,0,0
3953.99,3.95,57,0,0,1,0,0
3735.27,3.73,35,3,1,2,0,0
3741.16,3.74,20,2,0,0,1,0
3874.5,3.87,56,4,0,0,1,0
3537.83,3.53,28,11,3,1,0,0
3659.56,3.66,23,12,0,0,0,0
3415.25,3.41,13,15,1,0,0,0
3480.36,3.48,31,34,0,0,0,0
3622.87,3.62,21,5,3,0,0,0
3732.74,3.73,19,7,0,0,0,0
3804.43,3.72,814,250,6,0,10,0
3645.1,3.64,34,19,0,0,0,0
3736.39,3.73,41,15,0,0,0,0
3865.57,3.86,19,3,0,0,0,0
3477.31,3.48,10,11,0,0,0,1
3568.02,3.57,26,20,0,0,0,0
3610.19,3.61,14,9,0,0,0,0
3947.49,3.94,93,2,2,0,0,1
3573.51,3.57,20,5,2,1,0,0
3513.59,3.5,129,51,11,2,5,0
3597.87,3.58,218,53,17,4,7,1
3191.95,3.19,14,2,2,1,2,0
3962.41,3.96,24,1,0,0,0,0
3786.85,3.78,30,6,1,0,0,0
3724.85,3.72,68,4,3,0,3,0
3641.74,3.64,33,12,1,1,0,0
3902.91,3.9,29,0,0,1,0,0
3837.59,3.83,42,5,0,1,0,0
3741.59,3.74,34,5,3,0,0,1
3410.4,3.41,12,9,0,0,1,1
3639.03,3.64,26,3,3,1,0,0
3900,3.89,60,5,1,0,0,0
3147.66,3.15,15,25,8,0,0,0
3823.78,3.82,23,5,0,0,0,0
3820.54,3.81,144,21,4,0,1,0
3268.23,3.27,27,13,5,3,1,0
3604.98,3.6,84,13,7,3,2,0
3581.1,3.58,52,7,2,3,2,0
3831.63,3.83,30,4,1,0,0,1
3352.93,3.35,42,9,11,4,0,1
3309.39,3.31,16,6,1,2,1,0
3933.75,3.93,27,2,0,0,0,0
3722.14,3.72,21,3,0,0,1,0
3438.81,3.43,106,31,14,0,8,1
3289.05,3.28,113,42,28,5,7,1
3525.28,3.52,14,6,0,0,1,0
2914.18,2.91,10,6,4,1,2,1
3680.83,3.68,22,3,3,0,0,0
3854.2,3.85,23,4,0,0,0,1
3228.93,3.23,16,1,1,2,2,0
3504.96,3.5,48,6,4,6,0,0
3218.79,3.22,13,6,2,0,2,0
3493.71,3.49,38,5,1,2,3,0
3968.18,3.96,52,2,0,0,0,0
3543.44,3.54,17,5,0,2,0,0
3816,3.81,46,6,0,0,1,1
3034.98,3.03,15,10,0,1,4,0
3401.69,3.4,16,5,3,0,1,0
3144.4,3.14,14,8,4,0,2,0
2348.51,2.35,5,7,6,1,4,0
3553.72,3.55,19,7,3,0,0,0
3514.35,3.51,31,10,2,0,2,0
3858.53,3.84,215,23,5,1,1,0
3985.4,3.98,50,1,0,0,0,0
3387.97,3.38,70,25,12,3,3,1
3816.94,3.81,44,2,0,1,1,0
3706.82,3.7,85,15,2,3,1,0
3416.29,3.41,31,10,1,1,3,0
3001.89,3,17,10,4,2,3,0
3407.17,3.4,31,14,5,1,1,1
3824.46,3.82,44,5,0,0,1,0
3627.04,3.63,20,1,2,0,1,0
3690.38,3.69,40,6,5,0,0,0
3955.14,3.95,39,2,0,0,0,0
3791.21,3.79,39,6,2,0,0,0
3784.73,3.78,21,1,0,0,1,0
3380.91,3.38,24,6,4,3,0,0
3131.83,3.13,13,5,2,1,2,0
3453.81,3.45,21,6,2,1,1,0
3523.41,3.52,16,5,1,0,1,0
3566.89,3.57,16,6,0,0,1,0
3841.54,3.84,28,2,0,1,0,0
3956.4,3.95,40,2,0,0,0,0
3694.28,3.69,19,6,1,0,0,0
2801.3,2.8,11,11,2,3,3,1
3697.59,3.7,19,2,1,1,0,0
3306.91,3.31,11,25,0,0,0,0
3354.06,3.35,26,6,1,0,4,0
3685.95,3.68,29,11,1,0,0,0
3803.87,3.8,38,5,2,0,0,0
3729.03,3.73,17,4,1,0,0,1
3598.54,3.6,32,5,4,0,1,0
3694.37,3.69,20,4,2,0,0,0
3078.53,3.08,15,4,3,2,2,0
3293.08,3.29,13,9,0,0,2,0
3365.49,3.36,18,0,1,0,3,1
3435.26,3.43,18,9,2,0,1,1
3602.87,3.6,28,4,1,0,2,0
3761.16,3.76,25,2,1,1,0,0
3795.46,3.79,23,6,0,0,0,0
3733.01,3.73,22,1,3,0,0,0
3592.57,3.59,16,5,0,0,1,0
3661.51,3.65,91,14,5,4,1,0
3599.18,3.6,33,10,3,1,0,0
3556.12,3.55,59,12,5,2,2,1
2980.49,2.98,36,64,15,6,4,0
3143.05,3.14,38,15,12,5,2,2
3668.71,3.67,20,2,1,0,1,0
3109.16,3.08,236,208,85,25,18,3
3088.88,3.08,81,107,45,4,3,2
3548.39,3.54,44,5,5,1,2,0
2607.19,2.6,16,31,22,10,2,0
3899.24,3.89,76,5,2,0,0,0
3580.66,3.58,51,17,2,2,1,0
3454.92,3.45,38,7,1,1,4,1
3537.52,3.54,17,9,2,0,0,0
3820.02,3.82,18,4,0,0,0,0
3944.41,3.94,32,2,0,0,0,1
2761.19,2.76,15,21,11,4,3,4
3307.23,3.3,67,35,11,1,6,0
3672.55,3.67,56,28,0,0,0,0
3478.5,3.48,21,20,1,0,0,0
3410.84,3.41,17,1,2,0,2,0
3472.64,3.47,19,12,3,0,0,0
3679.89,3.68,24,5,1,1,0,0
3841.27,3.84,34,2,0,0,1,0
3869.31,3.87,26,4,0,0,0,0
3918.89,3.92,22,2,0,0,0,0
3928.54,3.93,26,0,1,0,0,0
3791.2,3.78,92,15,1,1,1,0
3606.66,3.6,96,18,2,4,4,1
3902.82,3.9,28,1,1,0,0,0
3228.57,3.23,12,6,2,1,1,0
3744.86,3.74,29,0,0,0,2,0
3555.53,3.55,28,7,1,0,2,0
3384.38,3.38,65,17,8,4,4,0
3522.05,3.52,20,2,1,0,2,0
3905.55,3.9,55,4,1,0,0,0
3776.68,3.77,89,5,1,0,4,0
3668.41,3.67,17,2,1,1,0,0
3457.85,3.45,115,47,13,7,2,1
3588.21,3.59,19,8,2,0,0,0
3681.96,3.68,19,4,2,0,0,0
3152.56,3.15,24,9,1,1,5,0
3549.78,3.55,42,7,1,4,1,0
3823.96,3.82,25,1,2,0,0,0
3774.75,3.77,20,1,0,0,1,0
3392.79,3.39,14,7,0,1,1,0
3585.1,3.58,17,6,0,0,1,0
3358.77,3.36,15,10,2,0,1,0
3922.32,3.92,23,2,0,0,0,0
3835.64,3.83,23,0,0,0,1,0
3815.52,3.81,30,0,1,0,1,0
3957.7,3.95,42,0,1,0,0,0
3776.93,3.77,27,3,0,0,1,0
3722.23,3.72,22,1,1,0,1,0
3975.73,3.97,35,1,0,0,0,0
3999.71,3.99,98,1,0,0,0,0
3977.21,3.97,66,2,0,0,0,0
3809.01,3.81,25,6,0,0,0,0
3964.82,3.96,48,2,0,0,0,0
3763.64,3.76,17,3,1,0,0,0
3971.14,3.97,56,2,0,0,0,0
3828.3,3.83,22,0,0,0,1,0
3469.37,3.47,25,16,4,0,0,0
2573.36,2.57,16,15,8,1,9,0
3662.5,3.66,33,9,1,0,1,0
3329.93,3.31,141,56,19,9,10,0
3407.23,3.4,35,14,6,0,2,0
3477.38,3.48,22,16,1,1,0,0
3394.76,3.39,18,7,1,0,2,0
3502.36,3.5,22,10,4,0,0,2
3763.55,3.76,16,5,0,0,0,0
3654.02,3.65,18,4,0,0,1,0
3851.33,3.85,28,5,0,0,0,0
3936.15,3.93,28,2,0,0,0,0
3820.11,3.82,19,2,1,0,0,0
3585.28,3.58,19,2,2,0,1,0
3728.55,3.73,35,3,0,0,2,0
3899.27,3.9,27,1,1,0,0,0
3321.87,3.32,18,2,2,1,2,0
3793.81,3.79,21,2,0,1,0,1
3540.69,3.53,100,39,4,1,5,0
3442.83,3.43,85,32,13,5,1,0
3426.28,3.41,159,34,14,8,12,1
3111.65,3.11,51,65,18,6,2,1
3469.83,3.47,30,10,3,0,2,1
3949.47,3.95,35,2,0,0,0,0
2256.05,2.25,16,17,10,7,13,1
3534.84,3.53,77,25,4,4,2,0
3327.44,3.3,239,80,29,14,22,1
3818.17,3.8,212,17,8,0,4,0
3666.25,3.66,83,21,5,1,1,1
3503.59,3.5,34,12,5,0,1,1
3704.28,3.7,42,5,1,0,2,0
3359.03,3.35,81,35,13,4,4,1
3282.65,3.28,49,38,8,5,1,0
3079.03,3.08,29,21,10,4,2,0
3708.56,3.71,26,6,2,0,0,0
3620.61,3.62,15,5,0,1,0,0
3702.28,3.7,22,7,1,0,0,0
3847.7,3.84,45,4,2,0,0,0
3333.14,3.33,36,34,8,1,0,0
3477.84,3.48,16,3,0,0,2,0
3678.93,3.68,32,2,1,0,2,0
3627.3,3.63,22,8,2,0,0,0
3641.69,3.64,16,9,0,0,0,0
2348.42,2.35,4,9,5,1,4,0
3620.79,3.62,17,2,1,0,1,0
2453.25,2.45,5,18,12,5,2,0
3715.85,3.71,15,6,0,0,0,0
3525.19,3.52,13,6,2,0,0,0
3792.46,3.77,269,5,5,6,9,0
3763.82,3.76,19,1,0,0,1,0
3393.06,3.39,17,2,2,0,2,0
3155.46,3.15,15,6,1,2,2,0
3795.76,3.78,152,14,1,2,4,0
2957.11,2.96,4,14,5,0,0,0
3582.58,3.58,18,13,0,0,0,0
3216.61,3.21,18,49,3,0,0,0
3121.24,3.12,13,49,5,0,0,0
3116.34,3.11,15,48,7,0,0,0
3136.26,3.13,14,49,3,1,0,0
3414.57,3.41,32,39,2,0,0,0
3325.86,3.32,13,23,1,0,0,0
3213.35,3.21,10,20,3,0,0,0
3031.26,3.03,7,20,6,0,0,0
3408.94,3.41,14,10,3,0,0,0
3281.76,3.28,14,36,0,0,0,0
3389.97,3.39,25,36,1,0,0,0
3179.4,3.18,13,28,3,1,0,0
3273.58,3.27,7,14,1,0,0,0
3324.86,3.32,11,23,0,0,0,0
3268.29,3.27,13,31,1,0,0,0
3218.16,3.22,6,16,1,0,0,0
3319.88,3.32,14,30,0,0,0,0
3429.59,3.43,9,12,0,0,0,0
3387.23,3.38,70,49,18,0,0,0
3501.43,3.5,13,13,0,0,0,0
3341.17,3.34,27,41,3,0,0,0
3414.25,3.41,22,28,1,0,0,0
3319.03,3.32,7,15,0,0,0,0
3137.21,3.14,7,11,4,0,0,0
3415.34,3.41,14,13,2,0,0,0
3379.47,3.37,90,19,4,3,11,2
3636.18,3.63,59,7,3,2,2,0
3654.54,3.64,135,15,11,1,5,0
3841.06,3.84,38,3,2,0,0,0
3577.83,3.58,27,11,1,0,1,0
3708.74,3.71,28,4,1,0,1,0
1423.43,1.42,1,8,3,3,11,0
3783.82,3.78,25,7,0,0,0,0
3735.61,3.73,22,8,0,0,0,0
3922.44,3.92,35,1,1,0,0,0
3802.05,3.8,20,5,0,0,0,0
3668.77,3.67,20,10,0,0,0,0
3717.5,3.71,31,10,1,0,0,0
3963.9,3.96,47,2,0,0,0,0
3668.44,3.67,17,6,1,0,0,0
3813.88,3.81,30,7,0,0,0,0
3700.89,3.7,31,11,1,0,0,0
3943.41,3.94,46,3,0,0,0,0
3566.71,3.57,14,8,1,0,0,0
3486.07,3.48,21,5,4,1,0,0
3457.13,3.45,25,3,1,3,1,0
2552.94,2.55,10,7,5,3,4,3
3482.07,3.48,56,19,2,7,0,0
3638.77,3.64,23,8,2,0,0,1
2866.49,2.86,14,11,7,3,2,0
3002.38,3,21,13,10,1,3,1
2959.47,2.96,10,6,5,3,0,0
3881.82,3.88,30,2,1,0,0,0
3668.72,3.67,20,2,1,0,1,1
3359.31,3.36,21,2,2,0,3,0
3679.24,3.68,27,5,1,0,1,0
3620.15,3.62,24,7,3,0,0,0
2572.55,2.57,10,2,4,0,5,1
3670.84,3.67,41,2,2,2,1,0
3762.24,3.76,22,2,0,0,1,1
2951.1,2.95,22,4,7,1,5,1
3395.03,3.39,21,2,2,1,2,0
3691.93,3.69,22,5,2,0,0,0
3535.52,3.53,21,7,0,1,1,0
3752.44,3.75,24,2,1,1,0,0
3840.97,3.84,37,5,1,0,0,0
3556.81,3.55,35,6,4,1,1,0
3525.28,3.52,14,5,1,1,0,0
3587.22,3.58,60,7,0,4,3,0
3982.77,3.98,45,1,0,0,0,0
3265.35,3.26,20,11,5,1,1,1
3602.74,3.6,26,12,2,0,0,0
3794.63,3.79,51,4,0,0,2,0
3653.01,3.65,29,10,0,0,1,0
3326.5,3.32,20,11,5,0,1,1
3347.4,3.35,11,13,2,0,0,0
3516.22,3.51,26,5,5,1,0,0
2971.11,2.97,12,15,2,1,3,0
2209.11,2.21,6,8,1,3,6,0
2631.1,2.63,13,4,1,5,4,3
2938.93,2.94,25,33,11,8,1,0
3334.14,3.33,43,29,12,0,1,1
3148.22,3.14,58,40,19,9,1,0
2700.34,2.7,43,41,34,17,6,2
2636.94,2.64,4,8,8,2,0,0
2985.08,2.98,19,24,12,1,2,3
3882.32,3.88,23,1,1,0,0,0
2609.74,2.61,9,4,2,8,0,0
2898.23,2.89,109,69,37,16,23,5
2718.51,2.71,39,56,47,8,7,5
3090.62,3.08,75,45,22,8,8,1
2638.32,2.63,26,43,31,8,7,5
3044.96,3.03,101,74,43,13,8,1
3492.37,3.48,154,70,19,5,2,1
3190.45,3.18,92,47,36,1,7,1
3003.83,3,33,29,17,2,4,1
3063.07,3.05,93,89,56,9,2,0
3573.33,3.57,18,8,2,0,0,0
2940.89,2.94,13,11,5,2,2,0
2601.7,2.6,15,5,6,4,5,0
3120.41,3.11,70,48,17,12,4,2
3697.32,3.7,16,7,0,0,0,0
3260.52,3.26,11,13,2,1,0,0
3209.47,3.21,10,9,5,0,0,0
2819.4,2.82,11,4,2,2,3,1
3218.52,3.22,10,8,5,0,0,0
3547.02,3.55,15,5,1,1,0,0
2696.69,2.7,9,6,4,0,4,0
3131.74,3.13,12,5,4,1,1,0
3592.3,3.59,13,9,0,0,0,0
4024.25,3.95,697,21,2,0,2,1
3969.35,3.92,524,18,5,2,3,0
3966.79,3.9,623,35,3,1,5,0
4058.04,3.94,1150,61,3,1,0,0
4054.86,3.99,680,1,0,0,2,1
3899.1,3.84,590,42,10,5,7,1
3353.4,3.34,97,105,14,1,2,1
3286.74,3.29,9,9,3,0,0,1
2826.86,2.83,6,8,8,1,0,0
3911.2,3.91,21,0,1,0,0,0
3165.3,3.14,225,230,87,16,9,5
2552.55,2.55,6,13,3,5,2,0
3292.99,3.29,12,7,5,0,0,0
3626.86,3.63,18,5,0,0,1,0
3527.81,3.52,91,32,9,4,1,0
3459.74,3.46,13,9,2,0,0,0
2377.86,2.38,21,29,19,19,8,1
3000.75,3,6,10,4,1,0,0
2954.62,2.95,26,17,11,6,2,5
3284.18,3.28,19,14,4,2,0,3
3771.56,3.77,23,1,1,1,0,0
3394.6,3.39,37,19,5,2,1,0
3728.93,3.73,16,6,0,0,0,0
3873.12,3.86,89,14,0,0,0,0
3025.97,3.01,103,114,50,20,3,1
3880.61,3.87,71,6,2,0,0,1
3446.69,3.44,21,10,5,0,0,0
3468.63,3.47,28,29,1,0,0,1
3494.74,3.49,29,30,0,0,0,1
3733.1,3.73,23,0,2,1,0,0
3925.16,3.9,242,15,4,1,0,0
3899.18,3.9,26,3,0,0,0,0
3730.51,3.72,118,3,8,5,1,2
3430.65,3.42,110,71,19,3,0,0
2815.21,2.81,23,18,15,4,4,0
2840.39,2.84,16,30,18,3,1,3
3106.84,3.1,41,22,18,7,0,0
3126.61,3.12,32,17,10,4,2,0
3902,3.9,54,2,2,0,0,1
3286.18,3.28,25,28,6,1,0,0
3693.61,3.69,59,19,1,0,1,0
3669.58,3.67,28,9,2,0,0,0
3283.1,3.28,17,10,3,1,1,0
3572.29,3.57,35,12,2,2,0,0
3649.92,3.65,28,4,0,0,2,0
3573.58,3.57,20,15,0,0,0,0
3781.74,3.78,39,4,1,0,1,0
3954.61,3.95,72,4,0,0,0,0
2767.53,2.77,14,28,17,3,2,0
3938.4,3.94,29,2,0,0,0,0
3668.34,3.67,16,3,2,0,0,2
3149.14,3.15,8,15,4,0,0,0
3693.6,3.69,30,11,1,0,0,0
3592.97,3.59,45,19,3,1,0,0
3525.69,3.52,28,13,2,0,1,0
3727.73,3.72,66,16,4,0,0,0
3045.27,3.04,34,41,15,6,1,0
3165.11,3.16,21,10,10,2,0,0
3597.12,3.59,68,25,5,2,0,0
3429.6,3.43,9,12,0,0,0,1
3298.55,3.29,46,29,15,2,0,1
3503.72,3.5,34,31,1,0,0,0
3459.42,3.46,30,23,4,0,0,1
3481.88,3.48,18,3,2,2,0,1
3380.77,3.38,13,14,2,0,0,0
3463.55,3.46,18,21,0,0,0,0
3668.23,3.67,15,5,1,0,0,0
3949.53,3.92,268,12,3,0,1,3
3899.25,3.87,279,7,1,3,5,0
3514.45,3.51,37,2,5,1,2,1
3327.58,3.32,64,23,12,3,4,1
3258.33,3.26,28,12,2,1,4,2
3877.94,3.88,29,2,1,0,0,1
3316.35,3.31,19,10,4,2,0,0
3745.64,3.74,27,7,1,0,0,0
3859.69,3.85,51,2,1,0,1,0
3950.99,3.95,36,2,0,0,0,0
3972.95,3.96,82,3,0,0,0,1
3985.88,3.98,51,1,0,0,0,0
3854.46,3.85,26,0,0,0,1,0
3183.3,3.18,14,3,1,3,1,0
3691.93,3.69,22,6,0,1,0,0
3321.42,3.32,20,24,2,0,1,0
2667.24,2.67,4,9,5,3,0,0
3544.49,3.54,63,38,4,1,0,2
3144.11,3.14,10,22,2,0,1,0
3568.57,3.57,32,11,1,1,1,1
2904.53,2.9,11,9,9,1,1,0
3435.07,3.43,16,11,3,0,0,0
3251.67,3.25,15,13,2,1,1,0
3592.31,3.59,13,9,0,0,0,1
3695.51,3.69,45,7,1,0,2,0
3486.61,3.48,59,6,6,2,4,1
2425.94,2.42,36,40,12,5,28,0
2322.1,2.32,9,26,28,11,4,0
3263.95,3.26,76,30,11,4,8,1
3816.49,3.81,39,9,0,0,0,0
3390.27,3.38,58,40,13,1,0,0
3514.08,3.51,28,12,5,0,0,0
2961.67,2.96,13,27,7,1,2,0
3243.02,3.24,15,6,8,0,0,0
3251.89,3.25,17,11,8,0,0,0
3468.1,3.46,70,19,6,4,3,0
2858.64,2.86,22,48,21,3,3,2
3317.8,3.32,18,14,6,0,0,1
3477.66,3.48,14,5,1,0,1,0
2946.03,2.94,46,42,14,9,7,3
2130.76,2.13,1,12,3,3,4,1
2568.64,2.57,23,7,9,5,9,0
3156.81,3.15,27,14,6,2,3,1
2752.16,2.75,19,11,5,2,7,1
3052.56,3.05,24,6,3,2,5,0
3349.96,3.35,28,14,4,2,1,1
3208.72,3.21,17,5,5,0,2,0
2653.41,2.65,11,5,1,0,6,2
3481.87,3.48,18,2,4,1,0,0
3491.98,3.48,129,28,19,9,1,2
2714.9,2.71,58,45,45,25,5,3
3047.24,3.04,56,26,31,7,2,0
3181.91,3.17,119,53,30,18,5,6
2940.05,2.93,105,71,80,18,3,3
2878.37,2.87,65,34,31,21,4,0
3056.08,3.05,67,30,37,7,3,0
3229.45,3.22,46,53,15,1,1,1
3072.89,3.07,36,45,15,4,2,0
2869.8,2.87,11,14,11,1,1,1
3096.09,3.1,7,11,1,2,0,1
3245.05,3.24,16,14,7,0,0,0
3251.37,3.25,12,12,3,1,0,1
3193.64,3.19,33,29,16,1,0,1
3581.41,3.58,23,14,1,0,0,1
2972.97,2.97,13,11,8,3,0,2
2970.8,2.97,27,16,11,6,2,1
3282.83,3.28,14,13,5,0,0,0
3543.09,3.54,13,11,0,0,0,1
3841.18,3.84,44,4,0,0,1,0
3977.39,3.97,37,1,0,0,0,0
3622.18,3.61,142,28,7,5,4,1
3625.89,3.62,60,29,3,0,0,0
3210.52,3.2,98,37,17,7,11,0
3775.69,3.77,51,8,1,0,1,0
2792.63,2.79,8,9,4,0,3,0
3071.29,3.07,43,13,8,3,8,0
3135.24,3.13,29,14,2,4,4,2
3387.09,3.38,23,12,0,4,0,1
3533.09,3.53,51,15,2,1,3,0
3087.86,3.08,72,59,16,5,11,0
3612.37,3.6,119,31,11,3,1,1
2502.4,2.5,20,17,7,5,11,0
2701.49,2.7,12,18,3,0,7,1
3378.87,3.37,48,32,9,1,1,1
3449.31,3.44,45,33,0,0,3,1
3676.39,3.67,95,12,5,3,2,0
3059.21,3.06,24,32,11,3,1,0
3056.56,3.05,35,23,10,3,5,2
2918.95,2.92,20,16,5,2,5,0
2942.84,2.94,25,34,21,0,3,0
3443.18,3.44,54,17,3,2,4,2
2777.71,2.78,19,14,8,2,6,0
3741.63,3.73,65,16,1,0,1,1
3137.31,3.14,8,9,5,0,0,1
3784.64,3.78,20,2,0,1,0,0
3202.08,3.2,18,20,6,0,1,1
3622.36,3.61,109,20,10,4,1,0
3309,3.3,49,15,9,2,4,0
2659.99,2.65,50,50,24,16,16,8
3162.09,3.15,98,64,26,10,7,0
3453.68,3.44,133,47,16,7,4,3
3324.68,3.31,185,55,30,10,15,0
2845.47,2.84,20,16,8,1,6,2
3287.87,3.29,20,8,5,1,1,1
3763.4,3.76,69,3,4,0,2,0
3233.24,3.23,64,22,7,6,7,0
3733.13,3.72,129,10,6,0,5,2
3452.21,3.44,110,18,13,3,8,0
3320.97,3.32,32,24,4,1,2,0
2981.77,2.98,40,19,21,3,5,2
3335.46,3.33,81,48,14,3,4,0
3602.55,3.6,25,2,1,0,2,0
3271.54,3.27,44,32,9,4,1,1
3415.88,3.41,20,6,0,1,2,0
3266.49,3.26,16,13,4,0,1,0
3566.8,3.57,15,6,2,0,0,0
3706.51,3.7,74,14,2,2,1,0
3123.16,3.12,72,26,17,5,10,0
3403.03,3.4,28,18,2,0,2,1
3088.27,3.09,12,6,2,1,2,0
3473.36,3.47,70,18,9,5,1,1
3490.68,3.49,52,9,1,0,6,3
3187.18,3.18,37,17,11,5,1,4
3110.46,3.11,22,8,1,1,5,0
2629.51,2.63,20,13,14,8,4,0
3361.6,3.36,15,7,1,1,1,0
3213.47,3.21,60,34,13,4,5,1
3118.52,3.11,47,38,10,8,3,2
3743.88,3.74,62,15,3,0,0,0
3726.59,3.72,24,4,0,0,1,0
3609.13,3.61,19,8,0,1,0,0
3470.03,3.45,230,30,20,8,19,1
3503.03,3.5,29,7,4,2,0,0
2622.15,2.62,13,6,3,0,7,0
3815.6,3.81,52,3,2,0,1,0
3716.98,3.71,26,8,1,0,0,0
3523.68,3.52,19,1,1,0,2,0
3384.18,3.37,95,24,19,6,3,1
3424.97,3.42,49,21,8,2,1,0
3778.16,3.77,53,11,2,0,0,0
3463.14,3.46,39,17,2,0,3,0
2607.64,2.6,21,30,15,7,8,0
3241.51,3.24,14,7,1,2,1,0
2649.65,2.65,23,11,3,4,10,1
3564.89,3.56,23,5,3,1,0,0
3474.35,3.47,36,9,2,2,2,1
3468.18,3.46,37,11,6,1,1,0
3322.6,3.31,76,25,13,6,4,0
3550.52,3.52,322,67,21,6,21,1
3825.53,3.78,456,36,17,3,9,1
3292.43,3.29,20,7,0,1,3,0
2826.08,2.82,42,13,14,2,13,3
3233.45,3.23,37,13,4,2,5,0
3265.25,3.26,34,21,6,1,3,0
3677.24,3.67,44,6,4,0,1,0
3683.11,3.68,37,15,1,0,0,0
3654.83,3.65,47,8,3,1,1,0
3538.39,3.53,37,16,4,1,0,0
3310.1,3.31,21,28,2,0,1,0
3002.24,3,19,24,5,1,4,0
3337.74,3.33,40,30,10,0,1,0
3773.43,3.77,62,6,4,1,0,0
3215.74,3.21,13,11,2,1,1,0
3907.97,3.9,65,5,1,0,0,0
3799.66,3.79,54,14,0,0,0,0
3686.89,3.68,49,13,4,0,0,0
3604.61,3.6,44,18,2,0,1,0
3805.1,3.8,50,8,2,0,0,0
3528.32,3.52,51,8,0,1,5,0
3942.63,3.94,61,0,2,0,0,0
3410.39,3.41,12,7,3,0,0,0
3836.15,3.83,28,1,0,0,1,0
3891.51,3.88,114,9,1,0,1,0
3003.58,3,29,49,9,7,2,1
3148.94,3.14,39,27,12,0,5,2
3309.48,3.31,17,3,3,3,0,0
3485.31,3.48,29,25,2,0,0,0
3206.25,3.2,14,26,3,1,0,0
3343.15,3.34,20,20,3,1,0,0
3710.88,3.71,48,20,0,0,0,0
3962.41,3.96,65,3,0,0,0,0
3493.94,3.47,191,70,11,1,14,1
3364.94,3.36,12,7,2,1,0,0
3694.45,3.68,103,28,2,1,2,0
2667.54,2.67,7,9,4,1,3,0
3955.9,3.91,463,27,3,0,3,0
3058.87,3.06,20,38,10,3,0,2
3322.61,3.32,53,36,4,7,1,0
3698.05,3.69,103,18,1,4,2,0
3048.82,3.05,11,4,3,2,1,0
3891.71,3.88,70,7,1,0,0,1
3909.18,3.91,29,3,0,0,0,0
3493.12,3.49,50,24,6,2,0,0
3887.66,3.88,39,3,1,0,0,0
3790.55,3.79,26,7,0,0,0,0
3841.45,3.84,27,3,1,0,0,0
3899.19,3.9,26,3,0,0,0,1
3447.68,3.44,31,8,3,1,2,0
3424.94,3.42,44,15,7,1,2,0
3734.98,3.73,41,9,1,1,0,0
3202.25,3.2,20,15,9,1,0,0
3097.82,3.09,38,7,10,5,4,1
3316.54,3.31,21,8,3,2,1,1
3183.03,3.18,11,8,1,0,2,0
3170.63,3.17,36,20,8,8,0,0
3041.15,3.04,10,8,6,0,1,0
3841.89,3.84,60,4,2,1,0,0
3513.11,3.51,35,14,1,2,1,0
3390.95,3.39,30,14,1,2,2,0
3525.43,3.52,52,15,3,5,0,0
3184.04,3.18,21,3,4,4,1,0
2207.91,2.21,8,6,6,2,7,0
3857.93,3.85,54,5,2,0,0,0
3696.7,3.69,43,4,4,0,1,0
3445.88,3.44,13,13,1,0,0,0
3535.34,3.53,19,9,1,1,0,0
3450.28,3.45,19,5,4,1,0,0
3772.68,3.77,34,3,0,2,0,0
3618.21,3.61,40,14,2,0,1,0
3854.28,3.85,24,2,1,0,0,0
3654.29,3.65,21,0,0,0,2,0
3588.66,3.59,24,1,2,1,1,0
3501.82,3.5,17,8,3,0,0,1
3553.81,3.55,20,7,1,0,1,0
3918.98,3.92,23,0,1,0,0,0
3585.19,3.58,18,4,1,0,1,0
3771.47,3.77,22,2,2,0,0,0
3737.41,3.72,123,17,5,2,2,2
3752.13,3.75,21,2,0,0,1,0
3832.02,3.8,292,31,3,3,5,0
3779.06,3.77,68,6,3,2,0,0
3680.65,3.68,20,7,1,0,0,0
3655.73,3.65,18,7,1,0,0,0
3915.25,3.91,22,0,1,0,0,0
3762.23,3.76,22,2,0,0,1,0
3384.58,3.36,277,94,40,13,18,3
3601.18,3.58,221,39,11,4,12,2
3674.25,3.65,244,50,24,1,3,0
3347.11,3.34,22,2,1,1,3,1
3526.5,3.52,102,46,5,3,3,1
3769.51,3.76,69,6,2,3,0,0
3162.95,3.15,99,43,23,9,10,3
3401.7,3.4,16,5,3,0,1,1
3099.8,3.1,35,23,7,3,5,3
3416.51,3.41,35,19,9,0,0,3
3518.42,3.51,60,12,6,0,4,0
3578.17,3.58,23,6,4,0,0,1
3546.8,3.54,49,17,4,0,2,0
3001.61,3,14,14,3,1,3,0
3094.25,3.09,31,8,10,2,4,0
3681.87,3.68,18,6,1,0,0,0
3228.84,3.23,15,2,2,1,2,0
3590.47,3.59,21,12,1,0,0,0
3391.67,3.38,79,23,8,5,5,3
3716.14,3.71,59,5,2,1,2,0
3624.24,3.62,25,10,2,0,0,0
3342.9,3.34,22,20,4,1,0,2
3426.1,3.42,17,15,0,0,1,0
3884.55,3.88,45,4,1,0,0,0
3564.71,3.56,21,8,3,0,0,0
3526.84,3.52,29,10,0,2,1,0
3809.84,3.81,21,5,0,0,0,0
3194.89,3.19,62,49,11,7,4,1
2891.25,2.89,46,55,23,9,7,0
2992.8,2.98,73,68,31,12,7,3
2663.65,2.66,36,42,37,7,10,0
2986.56,2.98,23,23,10,4,2,0
2793.96,2.79,20,12,8,2,6,1
3590.71,3.59,50,30,2,0,0,2
3557.45,3.56,18,6,3,0,0,0
3808.62,3.81,30,5,1,0,0,0
3620.7,3.62,16,2,3,0,0,0
3906.18,3.9,37,4,0,0,0,0
3602.92,3.6,28,8,4,0,0,0
3906.7,3.9,19,2,0,0,0,2
3944.4,3.94,32,2,0,0,0,0
3588.66,3.59,24,2,1,0,2,0
3692.58,3.69,36,5,3,1,0,0
3703.28,3.7,32,6,0,2,0,0
3620.97,3.62,19,0,0,0,2,0
2736.71,2.74,12,7,11,2,2,0
3363.7,3.36,17,30,0,0,0,0
2618.82,2.62,9,11,8,4,2,2
2297.57,2.3,11,6,0,0,10,1
3561.87,3.56,18,5,1,0,1,0
3102.11,3.1,19,12,4,4,1,0
3626.5,3.62,37,13,2,1,0,0
3485.4,3.48,69,13,2,1,7,1
3381.31,3.38,19,7,0,1,2,0
3270.66,3.27,13,11,0,0,2,0
3149.09,3.14,104,49,22,8,13,1
3117.08,3.12,16,5,1,0,4,0
3304.98,3.3,18,11,2,0,2,0
2601.43,2.6,13,3,1,2,6,1
3284.6,3.28,24,7,4,3,1,0
3722.14,3.72,21,1,3,0,0,0
3287.52,3.29,17,7,1,1,2,0
3703.01,3.7,29,10,1,0,0,0
3881.73,3.88,29,4,0,0,0,0
3915.52,3.91,44,0,0,0,1,0
2775.14,2.77,38,45,36,15,1,0
3080.3,3.08,42,61,28,2,0,0
2897.51,2.89,25,71,33,3,0,0
2722.42,2.72,13,69,39,3,1,0
2578.33,2.58,12,55,51,7,0,0
2388.97,2.39,7,51,50,15,1,0
2696.32,2.69,17,56,47,4,0,0
3130.69,3.13,15,10,2,3,1,0
3889.12,3.89,34,0,0,0,1,0
3642.14,3.64,21,1,1,2,0,0
3232.02,3.23,11,11,3,1,0,0
3088.09,3.09,10,9,1,2,1,0
3622.78,3.62,20,7,2,0,0,0
3859.58,3.86,24,4,0,0,0,0
3650.95,3.64,79,13,1,0,5,0
3366.39,3.36,101,77,13,0,6,0
3717.38,3.7,143,47,4,1,0,0
3787.82,3.77,163,31,6,1,0,0
3721.69,3.71,85,17,4,2,0,0
3688.32,3.68,89,5,8,3,1,0
3657.26,3.66,20,8,1,0,0,0
3823.96,3.82,25,2,0,1,0,0
3871.86,3.87,34,3,1,0,0,0
3726.32,3.72,21,8,0,0,0,0
3798.15,3.79,64,5,1,0,2,0
3941.32,3.94,58,4,0,0,0,0
3363.73,3.35,85,18,9,4,8,0
3490.28,3.48,53,3,2,5,3,0
3264.03,3.26,19,18,2,3,0,0
3818.26,3.8,170,12,3,4,2,0
3362.89,3.36,53,34,7,1,3,0
3002.16,3,19,13,8,4,1,0
3688.22,3.69,24,11,0,0,0,0
3287.95,3.29,21,8,3,1,2,0
3844.82,3.84,48,0,0,0,2,0
3084.38,3.08,9,10,4,0,1,0
3109.95,3.11,25,16,11,4,0,0
3530.12,3.53,22,11,3,0,0,0
3329.98,3.33,24,27,3,0,1,0
3388.86,3.39,16,11,4,0,0,1
3319.13,3.32,37,26,7,2,1,0
3274.5,3.27,16,11,5,1,0,0
2601.02,2.6,8,8,9,4,1,0
3647.27,3.65,20,11,0,0,0,0
3629.08,3.63,40,4,1,0,3,0
3854.37,3.85,25,0,2,0,0,0
2729.46,2.73,27,28,14,9,6,0
3492.58,3.48,83,27,6,7,1,0
3474.92,3.47,26,5,2,2,1,0
2944.11,2.94,10,15,8,2,0,0
3595.78,3.59,19,13,0,0,0,0
3281.24,3.28,56,47,12,4,1,0
3752.26,3.75,22,5,1,0,0,0
3859.06,3.86,19,1,1,0,0,0
2477.03,2.48,7,6,2,2,4,0
3321.6,3.32,15,5,4,0,1,0
3940.52,3.94,30,2,0,0,0,0
3116.63,3.12,11,9,4,2,0,0
3237.34,3.24,19,10,2,0,3,0
3121.42,3.12,13,7,2,1,2,0
3568.5,3.57,17,13,0,0,0,0
3767.82,3.75,147,21,7,3,0,0
3314.62,3.3,92,57,15,6,4,0
2906.47,2.9,53,71,27,14,5,0
3253.61,3.25,33,19,8,3,1,0
3100.27,3.1,32,16,6,4,4,0
3757.69,3.74,135,19,8,1,1,0
3212.26,3.21,15,18,3,2,0,0
3624.42,3.62,27,7,2,1,0,0
3168.5,3.17,17,5,6,0,2,0
2324.41,2.32,6,15,2,6,5,0
2964.22,2.96,11,10,2,2,2,0
3873.71,3.87,27,4,0,0,0,0
2761.24,2.76,11,5,4,2,3,0
3463.33,3.46,17,6,1,2,0,0
3361.25,3.36,21,12,5,1,0,0
3517.82,3.52,26,3,1,1,2,0
3680.41,3.67,111,26,4,2,2,0
2791.59,2.79,38,28,9,8,11,0
3258.61,3.25,55,21,6,1,8,0
3436.09,3.43,12,9,2,0,0,0
3207.66,3.21,16,13,2,2,1,0
3338.34,3.33,46,27,11,3,0,0
3798.78,3.79,50,13,0,0,0,0
3463.02,3.46,28,17,5,0,0,0
3870.81,3.87,41,2,2,0,0,0
3833.01,3.83,37,1,3,0,0,0
3835.46,3.83,21,2,1,0,0,0
3626.95,3.63,19,2,2,1,0,0
3798.45,3.79,53,2,1,0,2,0
3144.24,3.14,13,2,3,2,1,0
3578.3,3.57,41,7,3,2,1,0
3784.55,3.78,19,3,1,0,0,0
3409.99,3.4,118,28,10,5,10,0
3605.9,3.59,124,35,7,3,3,0
3335.19,3.33,17,12,3,0,1,0
3297.96,3.3,23,16,1,3,1,0
3187.47,3.19,11,29,3,0,0,0
3168.32,3.17,15,9,4,0,2,0
3355.21,3.35,49,14,13,4,0,0
3402.15,3.4,20,9,6,0,0,0
3217.14,3.21,27,6,3,3,3,0
3758.7,3.74,161,26,2,0,5,0
3075.56,3.07,22,5,10,3,1,0
3418.17,3.42,14,8,0,2,0,0
3239.48,3.24,13,2,5,0,1,0
3436.54,3.43,29,28,3,0,0,0
3824.05,3.82,35,3,0,0,1,0
3908.89,3.9,56,6,0,0,0,0
3965.7,3.96,49,2,0,0,0,0
3976.76,3.97,66,0,1,0,0,0
3796.98,3.79,28,5,1,0,0,0
3768.42,3.76,47,5,2,0,1,0
3862.02,3.86,48,8,0,0,0,0
3858.61,3.85,44,3,0,0,1,0
3521.51,3.52,14,10,1,0,0,0
3660.94,3.58,744,331,51,6,6,0
3981.58,3.98,43,1,0,0,0,0
3655.91,3.65,20,3,3,0,0,0
3849.51,3.85,33,6,0,0,0,0
3939.2,3.93,44,1,1,0,0,0
3808.5,3.8,41,3,0,2,0,0
3683.2,3.68,38,13,2,0,0,0
3820.2,3.82,20,1,0,1,0,0
3000.96,3,8,11,2,3,0,0
3204.82,3.2,43,35,12,3,2,0
3355.9,3.35,49,35,11,2,0,0
3605.75,3.6,55,19,5,1,0,0
3257.53,3.25,41,27,11,3,1,0
3859.42,3.85,48,6,1,0,0,0
3668.14,3.67,14,7,0,0,0,0
3728.19,3.73,31,7,2,0,0,0
3305.18,3.3,35,40,6,2,0,0
3560.87,3.56,19,15,0,0,0,0
2306.37,2.31,5,15,5,8,3,0
3453.72,3.45,20,8,1,1,1,0
3815.16,3.81,26,6,0,0,0,0
3501.21,3.5,11,11,0,0,0,0
3520.05,3.52,14,13,0,0,0,0
3973.9,3.97,33,1,0,0,0,0
3309.07,3.31,31,32,9,0,0,0
3612.87,3.61,30,8,1,2,0,0
3479.66,3.48,13,8,2,0,0,0
3767.84,3.76,31,1,0,1,1,0
3727.2,3.72,37,8,1,1,0,0
2783.4,2.78,39,28,30,14,2,0
3593.79,3.59,69,31,1,2,1,0
3756.4,3.74,140,44,2,0,0,0
2514.95,2.51,15,23,31,5,4,0
3001.02,3,9,5,5,2,0,0
2983.81,2.98,36,36,16,8,2,0
3535.16,3.53,17,12,1,0,0,0
3882,3.88,32,0,0,0,1,0
3325.88,3.32,51,13,6,4,4,0
3583.3,3.58,26,2,0,1,2,0
3446.15,3.44,16,8,2,1,0,0
3774.66,3.77,19,1,2,0,0,0
3809.93,3.81,22,3,1,0,0,0
3726.86,3.72,27,0,0,0,2,0
3992.37,3.98,107,2,0,0,0,0
3922.35,3.92,34,3,0,0,0,0
3669.29,3.66,112,28,6,1,2,0
3564.36,3.56,33,3,1,3,1,0
2305.21,2.3,7,5,5,0,6,0
3869.49,3.87,28,1,0,1,0,0
2810.63,2.81,10,4,3,1,3,0
3335.34,3.33,19,5,4,1,1,0
3591.19,3.59,29,2,0,0,3,0
3780.84,3.78,30,4,2,0,0,0
3867.59,3.86,89,6,4,0,0,0
2522.6,2.52,7,7,4,1,4,0
3173.4,3.17,18,9,5,2,1,0
2394.63,2.39,4,13,9,6,1,0
2679.93,2.68,12,4,6,3,3,0
3479.93,3.48,16,3,3,1,0,0
3421.37,3.42,19,7,4,1,0,0
3611.13,3.61,44,13,2,1,1,0
3700.06,3.68,155,21,8,1,5,0
3465.12,3.46,34,10,6,2,0,0
2656.27,2.66,9,8,7,3,2,0
3834.04,3.83,42,4,0,0,1,0
3495.68,3.46,361,64,41,18,18,0
3583.53,3.56,248,46,14,9,11,0
3898.19,3.89,53,2,0,0,1,0
3809.09,3.8,60,2,1,3,0,0
3502.48,3.5,24,4,2,0,2,0
3553.5,3.55,56,18,10,0,0,0
3913.54,3.91,68,7,0,0,0,0
3592.04,3.59,65,9,2,3,3,0
3844.37,3.84,43,6,1,0,0,0
3732.65,3.72,138,17,7,4,1,0
3515.11,3.5,178,67,19,7,3,0
3033.65,3.03,12,10,7,2,0,0
3456.21,3.45,16,4,0,0,2,0
3685.41,3.68,85,6,1,4,3,0
3668.53,3.67,18,4,2,0,0,0
3704.19,3.7,41,3,6,0,0,0
3633.68,3.63,31,13,2,0,0,0
3751.07,3.75,49,12,2,0,0,0
3316.11,3.31,33,20,9,2,0,0
3631.43,3.63,17,10,0,0,0,0
3691.75,3.69,20,9,0,0,0,0
3809.19,3.81,27,3,0,1,0,0
3635.34,3.63,19,11,0,0,0,0
3810.11,3.81,24,1,0,0,1,0
3288.39,3.28,43,17,7,6,1,0
3853.33,3.83,249,29,4,0,3,0
3309.3,3.31,15,6,4,0,1,0
2721.06,2.72,9,8,3,2,3,0
3925.18,3.9,254,11,0,0,4,0
3479.93,3.48,16,5,0,1,1,0
2765.59,2.76,6,17,8,3,0,0
3596.05,3.59,22,7,3,0,0,0
3390.24,3.39,43,33,5,0,2,0
3516.04,3.51,24,8,5,0,0,0
3682.05,3.68,20,4,0,0,1,0
3394.67,3.39,17,9,0,0,2,0
3521.94,3.52,32,19,2,1,0,0
3668.62,3.67,19,3,1,1,0,0
3721.87,3.72,18,7,0,0,0,0
3516.4,3.51,28,6,0,0,3,0
3133.76,3.13,20,8,6,3,1,0
3933.84,3.93,28,0,1,0,0,0
3502.19,3.5,21,5,3,0,1,0
2595.5,2.59,6,15,12,3,1,0
3721.02,3.72,39,13,1,0,0,0
3056.99,3.05,21,19,12,3,0,0
3365.53,3.36,32,18,5,3,0,0
3882.88,3.88,59,5,0,1,0,0
3135.31,3.13,30,9,8,3,3,0
3099.86,3.1,21,11,4,2,3,0
3410.21,3.41,10,11,1,0,0,0
3482.92,3.48,13,14,0,0,0,0
3858.08,3.79,684,123,21,1,2,0
3974.84,3.97,34,1,0,0,0,0
3309.3,3.31,15,7,2,1,1,0
3430.74,3.43,21,3,1,1,2,0
3382.33,3.38,13,5,1,2,0,0
3752.35,3.75,23,4,0,1,0,0
3410.48,3.41,13,5,4,0,0,0
3001.2,3,11,6,0,1,3,0
3585.1,3.58,17,5,1,1,0,0
3450.28,3.45,19,8,0,0,2,0
2500.94,2.5,8,4,5,1,4,0
3319.57,3.32,13,4,4,1,0,0
3892.4,3.89,35,0,0,0,1,0
3738.33,3.74,30,1,2,0,1,0
3716.55,3.71,22,4,2,0,0,0
3936.32,3.93,67,3,1,0,0,0
3725.37,3.72,31,3,0,1,1,0
3983.33,3.98,46,1,0,0,0,0
3980.19,3.97,72,2,0,0,0,0
3971.86,3.97,31,1,0,0,0,0
3948.52,3.94,51,1,1,0,0,0
3401.65,3.4,15,14,0,0,1,0
3983.63,3.98,80,2,0,0,0,0
3871.77,3.87,33,5,0,0,0,0
3614.08,3.61,29,4,1,0,2,0
3713.78,3.71,46,6,1,0,2,0
3630.9,3.63,22,13,0,0,0,0
3553.63,3.55,18,9,2,0,0,0
3309.25,3.28,266,361,69,0,1,0
3349.5,3.35,16,2,3,1,1,0
3898.05,3.89,44,1,2,0,0,0
3769.4,3.77,27,1,0,2,0,0
3702.15,3.7,39,13,0,1,0,0
3694.46,3.69,21,4,0,0,1,0
3310.95,3.31,29,27,9,0,0,0
3566.98,3.57,17,4,1,0,1,0
3355,3.35,29,16,8,1,0,0
3980.3,3.98,41,1,0,0,0,0
3207.33,3.2,26,12,0,1,5,0
3348.03,3.35,18,1,6,0,1,0
3761.96,3.76,19,6,0,0,0,0
3742.9,3.74,21,5,1,0,0,0
3771.56,3.77,23,2,0,0,1,0
3469.27,3.46,56,16,6,0,4,0
3656.72,3.65,76,6,9,3,0,0
2802.53,2.79,90,36,20,17,25,0
3001.43,3,13,6,4,0,3,0
3635.61,3.63,22,5,3,0,0,0
3001.12,3,10,7,2,1,2,0
3088.72,3.09,17,1,0,0,5,0
2240.7,2.24,5,10,1,4,5,0
3779.94,3.78,21,6,0,0,0,0
3891.5,3.89,26,0,0,1,0,0
3601.69,3.6,16,8,1,0,0,0
3641.78,3.64,17,7,1,0,0,0
3607.71,3.6,34,10,3,1,0,0
3873.9,3.87,43,2,0,0,1,0
3670.33,3.67,36,2,1,2,1,0
3864.32,3.86,38,4,1,0,0,0
3247.91,3.24,28,10,8,1,2,0
2854.27,2.85,11,15,4,0,4,0
2591.48,2.59,15,8,6,5,5,0
3487.34,3.48,24,2,6,1,0,0
3390.87,3.39,18,14,4,0,0,0
3859.33,3.85,47,8,0,0,0,0
2808.31,2.81,4,14,7,1,0,0
3161.51,3.16,14,4,5,1,1,0
3305.25,3.3,21,2,9,1,0,0
3627.83,3.63,27,11,2,0,0,0
3553.72,3.55,19,8,1,1,0,0
3191.5,3.19,9,9,1,2,0,0
3046.3,3.05,7,12,1,1,1,0
3417.9,3.42,11,12,1,0,0,0
3144.42,3.14,15,2,0,0,4,0
3446.24,3.44,17,8,0,1,1,0
3463.15,3.46,15,9,1,1,0,0
3797.07,3.79,29,4,0,1,0,0
3251.45,3.25,13,11,2,2,0,0
3209.98,3.2,59,29,16,7,2,0
3485.21,3.48,24,1,0,2,2,0
3655.82,3.65,19,5,2,0,0,0
3457.96,3.45,33,5,2,1,3,0
3525.37,3.52,15,3,2,1,0,0
3913.4,3.91,43,0,0,0,1,0
3108.48,3.1,43,48,19,6,0,0
2947.86,2.94,32,6,5,3,8,0
3459.83,3.46,14,7,3,0,0,0
3767.65,3.75,126,29,3,0,1,0
3427.27,3.42,94,50,14,3,2,0
3507.3,3.49,169,84,22,5,0,0
2906.01,2.9,24,18,13,4,3,0
3800.38,3.79,103,11,3,0,2,0
3568.95,3.57,22,5,2,0,1,0
3374.77,3.37,25,13,2,2,1,0
3919.96,3.91,74,5,1,0,0,0
3830.24,3.83,41,4,0,0,1,0
3908.6,3.9,47,5,0,0,0,0
3678.97,3.68,24,9,1,0,0,0
2924.24,2.92,10,8,5,2,1,0
3592.79,3.59,43,23,1,1,0,0
3722.17,3.72,59,21,1,0,0,0
3238.94,3.23,44,30,19,0,1,0
3622.06,3.62,37,15,3,0,0,0
3146.1,3.14,29,21,7,5,1,0
3592.39,3.59,14,7,1,0,0,0
3835.55,3.83,22,0,2,0,0,0
3937.09,3.93,114,5,2,0,0,0
3705.95,3.7,22,3,1,1,0,0
3428.26,3.42,99,50,17,1,3,0
3802.46,3.8,24,6,0,0,0,0
3771.38,3.77,21,4,1,0,0,0
3750.76,3.75,49,8,0,1,1,0
3566.98,3.57,17,3,2,1,0,0
3848.66,3.85,25,0,0,0,1,0
3195.39,3.19,17,9,2,0,3,0
2972.55,2.97,18,6,4,3,3,0
3572.99,3.57,15,5,0,0,1,0
3357.26,3.35,29,11,6,0,2,0
3677.79,3.67,38,5,1,0,2,0
3658.64,3.66,23,8,0,1,0,0
2666.15,2.66,48,21,17,9,17,0
3271.12,3.27,18,4,0,1,3,1
3041.33,3.04,12,6,5,0,2,0
3615.05,3.6,122,33,5,1,5,0
3243.74,3.24,11,19,3,0,0,0
3075.96,3.07,18,2,2,1,4,0
3132.01,3.13,15,3,1,1,3,0
3038.3,3.04,8,40,6,0,0,0
3143.77,3.14,7,18,3,0,0,0
3474.11,3.47,17,19,0,0,0,0
3380.28,3.38,17,17,3,0,0,0
3286.91,3.29,11,6,3,1,0,0
3326.57,3.33,13,27,0,0,0,0
3356.49,3.35,30,55,0,0,0,0
3434.8,3.43,13,17,0,0,0,0
3455.76,3.45,11,10,1,0,0,0
3364.58,3.36,8,14,0,0,0,0
3525.01,3.52,11,10,0,0,0,0
3925.59,3.92,25,0,1,0,0,0
3762.23,3.76,22,1,1,1,0,0
3574.03,3.57,25,6,3,1,0,0
3953.82,3.95,38,2,0,0,0,0
2913.18,2.91,12,8,13,1,0,0
3463.51,3.46,19,4,0,2,1,0
3529.28,3.52,63,13,7,5,0,0
2972.28,2.97,15,12,0,5,2,0
3026.39,3.02,24,7,5,0,6,0
3125.94,3.1,237,247,81,36,8,0
2870.61,2.87,9,7,4,1,2,0
2227.85,2.23,4,8,3,3,4,0
3001.02,3,8,15,6,1,0,0
3001.23,3,11,5,6,1,1,0
3201.6,3.2,15,2,6,2,0,0
3990.7,3.92,691,22,4,1,6,0
3644.08,3.61,320,92,18,4,8,0
4013.5,3.9,1155,67,13,1,8,0
3829.83,3.76,733,84,29,10,10,0
3211.38,3.19,169,216,58,9,2,0
2965.47,2.96,10,10,6,1,1,0
2334.17,2.33,7,3,4,4,3,0
3365.03,3.36,13,5,3,1,0,0
3332.28,3.33,53,30,11,2,2,0
3334.53,3.33,11,7,2,1,0,0
3922.74,3.91,156,16,0,0,0,0
3804.92,3.8,48,12,0,0,0,0
3519.6,3.52,37,23,4,0,0,0
3545.19,3.54,22,10,3,0,0,0
2500.93,2.5,7,12,2,7,2,0
3530.38,3.53,44,32,1,1,0,0
3077.26,3.08,14,29,10,0,0,0
3548.88,3.55,32,21,2,0,0,0
2311.35,2.31,8,7,5,4,5,0
3645.98,3.64,30,10,1,1,0,0
3366.89,3.36,30,18,5,1,1,0
3970.75,3.97,30,1,0,0,0,0
3332.96,3.33,41,17,6,6,0,0
2926.56,2.92,30,22,16,10,0,0
3755,3.75,76,9,4,2,0,0
3135.15,3.13,27,76,10,1,0,0
3169.26,3.16,39,36,10,4,2,0
2957.65,2.96,10,7,3,1,2,0
3437.31,3.43,23,21,1,1,0,0
3364.85,3.36,11,8,3,0,0,0
3137.39,3.14,9,9,2,2,0,0
3201.65,3.2,15,11,1,1,2,0
3615.1,3.61,21,8,2,0,0,0
3501.39,3.5,13,7,2,0,0,0
3533.53,3.52,94,15,8,7,2,0
3636.81,3.61,232,29,14,12,5,0
3653.93,3.65,17,4,2,0,0,0
3416.33,3.41,64,26,10,4,1,0
3479.84,3.48,15,5,2,1,0,0
3746.95,3.74,33,3,2,1,0,0
3671.35,3.67,46,3,2,1,2,0
3482.71,3.48,34,9,2,0,3,0
3001.75,3,15,17,3,3,2,0
2952.8,2.95,13,17,8,2,1,0
3644.85,3.64,19,8,1,0,0,0
3787.03,3.78,32,4,0,0,1,0
3830.05,3.82,77,10,3,0,0,0
3455.73,3.45,48,11,8,4,0,0
2337.38,2.33,31,45,13,9,28,0
3809.1,3.81,26,4,1,0,0,0
3325.41,3.31,104,65,9,4,9,0
3502.43,3.5,23,11,0,1,1,0
3641.41,3.64,24,11,1,0,0,0
3501.57,3.5,15,5,1,0,1,0
3415.29,3.41,40,25,6,2,0,0
3657.27,3.66,20,8,1,0,0,1
2762.68,2.76,15,14,11,3,3,0
3233.41,3.23,25,7,2,1,4,0
3743.08,3.74,23,3,0,0,1,0
3430.47,3.43,18,7,1,1,1,0
2917.99,2.92,12,4,5,0,3,0
3620.43,3.62,13,8,0,0,0,0
3774.21,3.77,27,8,0,0,0,0
3277.95,3.28,20,4,0,3,2,0
3320.5,3.32,29,50,3,0,0,0
3809.37,3.81,29,0,1,0,1,0
3079.8,3.08,34,29,8,4,4,0
3115.63,3.11,21,22,7,1,2,0
3127.37,3.13,21,18,5,2,2,0
3816.99,3.81,79,7,1,0,2,0
3401.24,3.4,11,13,1,0,0,0
2870.51,2.87,19,8,4,1,6,0
3526.15,3.52,60,4,4,4,3,0
3345.99,3.34,59,31,10,5,1,0
3676.94,3.67,57,15,2,2,0,0
3355.33,3.35,68,55,11,3,1,0
3465.95,3.46,55,37,7,1,0,0
3710.6,3.7,71,15,3,2,0,0
3715.84,3.71,42,6,3,1,0,0
2998.75,2.99,52,50,22,8,5,0
3105.61,3.1,40,29,11,7,2,0
3329.45,3.33,27,16,3,1,2,0
3555.44,3.55,27,9,0,0,2,0
3893.03,3.89,41,3,1,0,0,0
3662.61,3.66,73,6,4,0,4,0
3895.63,3.89,43,2,0,1,0,0
2967.96,2.97,11,11,6,0,2,0
2782.65,2.78,12,10,4,3,3,0
3336.45,3.33,30,4,4,0,4,0
3145.85,3.14,51,31,15,9,1,0
3208.18,3.21,11,15,1,2,0,0
3321.78,3.32,17,2,4,1,1,0
3771.29,3.77,20,6,0,0,0,0
3773.85,3.77,56,12,0,0,1,0
3686.14,3.68,54,14,3,1,0,0
3716.64,3.71,23,4,0,0,1,0
3257.82,3.25,43,25,4,2,5,0
3455.91,3.45,43,33,6,0,0,0
2905.69,2.9,27,33,13,5,4,0
3679.89,3.68,24,6,0,0,1,0
3753.46,3.75,34,4,0,2,0,0
3295.16,3.29,40,33,12,0,1,0
3523.23,3.52,14,7,2,0,0,0
3869.6,3.86,70,9,1,0,0,0
3659.71,3.66,44,11,0,3,0,0
3775.49,3.77,83,17,2,1,0,0
3923.68,3.92,56,5,0,0,0,0
3883.29,3.88,65,7,1,0,0,0
3907.06,3.9,81,7,1,0,0,0
3561.63,3.56,34,4,1,3,1,0
3648.35,3.64,41,15,3,0,0,0
3396.56,3.39,16,21,1,0,0,0
3647.81,3.65,26,2,1,1,1,0
3306.57,3.3,32,26,6,0,2,0
3659.39,3.65,70,12,10,0,0,0
3382.6,3.38,16,1,1,2,1,0
3902.73,3.9,27,3,0,0,0,0
3501.84,3.5,18,1,0,2,1,0
3501.88,3.5,18,5,2,0,1,0
2238.58,2.24,3,9,3,2,4,0
3697.41,3.69,29,5,1,0,1,0
3762.14,3.76,21,2,2,0,0,0
3602.05,3.6,20,3,0,1,1,0
3546.84,3.55,13,8,1,0,0,0
3626.95,3.63,19,3,1,0,1,0
3897.08,3.89,81,8,1,0,0,0
2901.56,2.9,14,7,4,2,3,0
3651.49,3.65,57,16,6,0,0,0
3419.94,3.42,31,12,2,0,3,0
3670.27,3.67,35,5,5,0,0,0
3100.95,3.1,22,28,7,3,1,0
3415.7,3.41,18,7,2,2,0,0
2855.06,2.85,11,15,13,2,0,0
3123.8,3.12,16,16,8,0,1,0
3436.27,3.43,14,5,4,0,0,0
3741.58,3.74,34,5,3,0,0,0
3651.44,3.65,43,1,4,3,0,0
3557.36,3.56,17,8,2,0,0,0
3468.7,3.47,35,3,0,0,5,0
2893.34,2.89,12,13,10,0,2,0
3580.55,3.58,41,14,2,1,1,0
3769.94,3.77,39,7,0,0,1,0
3181.5,3.18,18,14,4,2,1,0
3441.87,3.44,18,4,1,0,2,0
3192.18,3.19,33,8,5,3,4,0
3710.88,3.71,35,3,0,3,0,0
3745.06,3.74,42,10,2,0,0,0
3545.28,3.54,23,10,1,0,1,0
2939.08,2.94,14,8,4,6,0,0
3851.51,3.85,30,1,2,0,0,0
2997.5,2.99,41,56,30,6,0,0
2907.1,2.9,39,53,31,9,1,0
2565.22,2.56,16,50,53,8,1,0
2643.26,2.64,15,58,49,6,0,0
3515.95,3.51,23,12,1,0,1,0
3601.92,3.6,18,12,0,0,0,0
3892.13,3.89,32,4,0,0,0,0
3038.48,3.04,13,7,2,5,0,0
3201.6,3.2,15,5,2,1,2,0
3940.6,3.94,44,3,0,0,0,0
3677.06,3.67,42,8,5,0,0,0
3430.22,3.43,16,2,1,0,2,0
3594.77,3.59,21,3,2,0,1,2
3940.65,3.93,73,0,1,1,0,0
3898.66,3.89,67,6,1,0,0,0
3791.18,3.78,69,19,0,0,0,0
3908.28,3.9,82,7,1,0,0,0
3733.63,3.73,47,10,1,0,1,0
3803.37,3.8,33,6,1,0,0,0
3712.15,3.71,24,6,0,1,0,0
3048.73,3.05,10,6,3,0,2,0
4006.42,3.93,745,37,3,1,2,2
3957.39,3.91,457,36,2,0,1,1
3852.13,3.75,972,243,22,3,3,1
4041.92,3.95,868,7,7,1,4,3
3921.69,3.86,635,42,7,1,10,4
3602.08,3.58,180,90,12,0,1,1
3733.7,3.72,87,15,6,1,0,1
3769.4,3.77,27,1,1,0,1,0
3629.87,3.63,47,12,3,2,0,0
3793.67,3.79,57,6,2,0,1,0
2640.97,2.64,8,7,6,1,3,0
3811.35,3.81,18,2,1,0,0,0
3191.59,3.19,10,7,2,2,0,0
2318.76,2.32,4,7,6,2,3,0
3262.1,3.26,11,9,2,0,1,1
3287.27,3.29,15,2,1,1,2,0
3915.48,3.89,210,14,1,0,2,4
3567.07,3.57,18,3,0,1,1,0
3699.64,3.7,26,6,0,0,1,0
3636.06,3.63,27,0,0,1,2,0
3914.89,3.91,31,3,0,0,0,0
3243.53,3.24,45,10,3,1,8,0
2935.63,2.93,45,37,20,6,7,0
3784.64,3.78,20,1,2,0,0,0
3602.14,3.6,21,1,0,3,0,0
3429.77,3.43,11,9,0,1,0,0
3495.61,3.49,59,26,7,0,2,0
3530.39,3.53,25,7,3,0,1,0
3919.23,3.91,43,4,0,0,0,0
3251.41,3.25,13,6,4,0,1,0
3568.77,3.57,20,8,1,1,0,0
3841.18,3.84,33,3,0,1,0,0
3939.11,3.93,43,3,0,0,0,0
3592.48,3.59,15,6,0,1,0,0
3729.11,3.73,18,2,2,0,0,0
3502.81,3.5,27,7,2,0,2,0
3601.82,3.6,46,17,3,0,1,0
3501.7,3.5,16,7,3,0,0,0
3668.32,3.67,16,3,2,0,0,0
3752.17,3.75,21,7,0,0,0,0
3760.16,3.76,25,8,0,0,0,0
3782.39,3.78,59,17,0,0,0,0
3722.14,3.72,21,2,1,1,0,0
3906.27,3.9,38,2,1,0,0,0
3112.37,3.11,11,13,0,1,2,0
3325.23,3.32,36,10,5,2,3,0
3761.07,3.76,24,3,2,0,0,0
3864.41,3.86,39,2,2,0,0,0
3797.07,3.79,29,3,2,0,0,0
3368.32,3.37,15,12,2,1,0,0
3052.84,3.05,13,19,4,2,1,0
3615.46,3.61,25,4,0,0,2,0
3854.19,3.85,23,4,0,0,0,0
3523.5,3.52,17,4,0,1,1,0
3837.71,3.82,184,19,4,1,2,0
3932.5,3.93,39,3,0,0,0,0
3856.07,3.85,31,2,0,1,0,0
3950.49,3.94,68,2,1,0,0,0
3046.84,3.05,13,3,3,0,3,0
3743.08,3.74,23,1,3,0,0,0
2333.91,2.33,4,4,9,3,1,1
3483.1,3.48,15,10,2,0,0,0
3096.22,3.09,15,30,6,2,0,0
3729.02,3.73,17,4,1,0,0,0
3347.22,3.35,9,17,0,0,0,0
3562.05,3.56,20,2,1,1,1,0
3609.22,3.61,20,7,0,0,1,0
3669.01,3.67,23,2,0,1,1,0
3346.56,3.34,16,11,0,0,2,0
3456.03,3.45,14,6,1,0,1,0
3429.86,3.43,12,8,0,0,1,0
3281.78,3.28,17,4,1,0,3,0
3815.43,3.81,29,2,0,0,1,0
3746.59,3.74,29,10,0,0,0,0
3873.8,3.87,28,2,1,0,0,0
3702.64,3.7,26,1,2,0,1,0
3979.72,3.97,71,2,0,0,0,0
3979.62,3.98,40,1,0,0,0,0
3808.53,3.81,29,7,0,0,0,0
3161.42,3.16,13,8,1,1,2,0
3868.29,3.86,34,2,0,1,0,0
3769.04,3.77,23,7,0,0,0,0
3776.66,3.77,24,7,0,0,0,0
3887.57,3.88,38,5,0,0,0,0
3631.17,3.63,25,9,0,0,1,0
3334.35,3.33,9,10,2,0,0,0
3578.8,3.58,18,5,3,0,0,0
3871.69,3.87,21,1,1,0,0,0
3001.59,3,15,3,1,1,4,0
3865.75,3.86,21,0,0,1,0,0
3168.62,3.17,19,0,0,0,5,0
3305.66,3.3,12,8,2,0,1,0
2763.1,2.76,11,3,2,1,4,0
3826.18,3.82,39,4,2,0,0,0
3304.83,3.3,23,14,4,0,2,0
3349.59,3.35,17,2,1,1,2,0
3502.85,3.5,27,11,2,2,0,0
3661.38,3.66,27,14,0,0,0,0
3527.38,3.53,22,17,1,0,0,0
3265.34,3.26,20,13,2,1,2,0
3391.68,3.39,27,4,1,0,4,0
3784.18,3.78,29,1,1,0,1,0
3208.09,3.21,10,16,2,1,0,0
3444.9,3.44,29,10,1,0,3,0
3705.95,3.7,22,4,0,0,1,0
3394.4,3.39,14,13,0,0,1,0
3468.86,3.47,21,6,1,0,2,0
3243.02,3.24,33,50,8,0,1,0
3740.89,3.74,17,6,0,0,0,0
3473.36,3.47,27,2,2,0,3,0
3906.15,3.9,29,1,1,0,0,0
3620.52,3.62,14,6,1,0,0,0
3940.61,3.94,31,0,1,0,0,0
3091.14,3.09,20,15,5,4,1,0
2635.64,2.63,29,11,8,14,6,0
3376.14,3.38,10,13,1,0,0,0
3286.46,3.29,6,15,0,0,0,0
3191.05,3.19,4,17,0,0,0,0
3957.61,3.95,41,2,0,0,0,0
3347.94,3.35,17,4,3,1,1,0
3699.55,3.7,25,6,2,0,0,0
2910.12,2.91,9,6,5,0,2,0
3875.24,3.87,34,5,0,0,0,0
4002.66,3.95,533,14,1,0,3,0
3396.03,3.39,29,21,5,1,0,0
3637.35,3.63,38,22,0,0,0,0
3656.88,3.65,37,9,2,0,1,0
3266.04,3.26,11,21,2,0,0,0
3561.69,3.56,16,7,2,0,0,0
3937.56,3.93,42,3,0,0,0,0
3354.06,3.35,26,0,10,0,1,0
3430.04,3.43,14,4,2,0,1,0
3729.2,3.73,19,1,1,1,0,0
3752.22,3.75,22,0,1,0,1,0
3281.51,3.28,14,7,2,1,1,0
3262.09,3.26,11,7,5,0,0,0
3594.66,3.59,20,5,1,0,1,0
2829.64,2.83,8,18,6,1,2,0
2959.2,2.96,7,13,2,0,2,0
3001.02,3,9,9,0,0,3,0
3075.33,3.07,11,11,3,0,2,0
3475.66,3.47,55,19,5,1,3,0
3254.14,3.25,38,22,7,2,3,0
3335.91,3.33,24,12,4,0,2,0
3066.01,3.06,21,32,6,1,3,0
3039.15,3.04,32,9,6,3,6,0
3463.33,3.46,17,6,2,0,1,0
3053.2,3.05,17,11,7,4,0,0
3137.3,3.13,24,17,7,2,2,0
2890.78,2.89,17,8,6,0,5,0
3397.46,3.39,26,8,0,1,3,0
3655,3.65,71,9,4,2,2,0
3479.4,3.48,31,5,3,1,2,0
3186.81,3.19,15,6,4,0,2,0
3298.19,3.3,18,4,2,1,2,0
3878.11,3.88,31,0,0,0,1,0
3081.1,3.08,24,15,6,4,2,0
3776.93,3.77,27,1,3,0,0,0
3537.8,3.53,43,9,6,1,1,0
3668.5,3.67,18,1,1,0,1,0
3860.98,3.86,38,2,2,0,0,0
3641.96,3.64,19,3,3,0,0,0
3115.72,3.11,12,16,6,1,0,0
3741.07,3.74,19,2,2,0,0,0
3533.82,3.53,25,2,3,1,1,0
3708.83,3.71,29,3,0,1,1,0
2548.79,2.55,7,62,53,6,0,0
2648.56,2.65,18,55,45,9,0,0
3218.13,3.21,45,13,10,2,5,0
3717.16,3.71,28,4,3,0,0,0
3601.6,3.6,15,10,0,0,0,0
3781.02,3.78,32,2,1,0,1,0
3566.89,3.57,16,5,1,1,0,0
3075.15,3.07,9,13,4,0,1,0
3394.31,3.39,13,13,2,0,0,0
3390.69,3.39,16,18,2,0,0,0
3424.6,3.42,14,10,1,1,0,0
3638.29,3.64,19,0,2,0,1,0
3337.89,3.33,43,13,8,3,2,0
3903.64,3.9,36,4,0,0,0,0
3417.81,3.42,10,14,0,0,0,0
3477.57,3.48,13,5,3,0,0,0
3394.13,3.39,11,17,0,0,0,0
3815.25,3.81,27,4,1,0,0,0
3312.07,3.31,16,8,4,0,1,0
3218.52,3.22,10,10,1,2,0,0
2696.24,2.7,4,8,11,0,0,0
3568.86,3.57,21,7,1,0,1,0
3970.43,3.96,55,2,0,0,0,0
3661.47,3.66,28,12,1,0,0,0
3752.04,3.75,20,2,2,0,0,0
3817.06,3.81,22,5,0,0,0,0
3700.98,3.7,32,9,2,0,0,0
3828.38,3.83,33,7,0,0,0,1
3445.79,3.44,12,15,0,0,0,0
3935.95,3.93,41,3,0,0,0,0
3241.33,3.24,12,7,6,0,0,0
3417.99,3.42,12,10,2,0,0,0
3215.22,3.21,22,17,6,0,2,0
3655.64,3.65,17,9,0,0,0,0
3347.31,3.35,10,15,1,0,0,0
3537.34,3.54,15,13,0,0,0,0
3915.86,3.91,51,5,0,0,0,0
3182.76,3.18,8,10,4,0,0,0
3112.37,3.11,11,8,8,0,0,0
3382.06,3.38,10,9,2,0,0,0
3260.79,3.26,14,9,2,1,1,0
3439.96,3.42,149,50,20,5,7,0
3376.68,3.38,16,5,0,2,1,0
3287.25,3.29,14,10,3,0,1,0
3406.31,3.4,59,29,8,1,3,0
2883.77,2.88,12,14,2,4,2,0
3609.13,3.61,19,7,2,0,0,0
3645.03,3.64,21,6,0,0,1,0
3449.83,3.45,14,14,1,0,0,0
2678.27,2.68,6,15,6,2,2,0
3662.23,3.66,30,13,1,0,0,0
3823.34,3.82,80,9,2,0,1,0
3829.19,3.81,161,19,5,2,0,0
3712.33,3.71,26,2,2,1,0,0
3811.53,3.81,20,0,0,0,1,0
3729.2,3.73,19,2,0,0,1,0
3376.32,3.38,12,9,3,0,0,0
3402.06,3.4,19,13,2,0,1,0
3251.63,3.25,15,7,4,2,0,0
3835.88,3.83,25,5,0,0,0,0
2845,2.84,15,16,18,1,1,0
2917.36,2.92,5,12,7,0,0,0
3697.05,3.69,25,11,0,0,0,0
3121.69,3.12,16,2,4,0,3,0
3710.19,3.71,18,5,1,0,0,0
3553.72,3.55,19,9,0,0,1,0
3460.19,3.46,30,0,0,1,4,0
3960.42,3.95,80,4,0,0,0,0
3860.28,3.86,31,3,1,0,0,0
3547.29,3.55,18,2,0,0,2,0
3502.18,3.5,20,17,1,0,0,0
3912.11,3.91,58,6,0,0,0,0
3669.4,3.67,26,13,0,0,0,0
3622.6,3.62,18,11,0,0,0,0
3798.14,3.79,32,6,1,0,0,0
3429.86,3.43,12,6,3,0,0,0
3545.37,3.54,24,6,5,0,0,0
3382.15,3.38,11,7,3,0,0,0
3837.92,3.83,45,9,0,0,0,0
3828.21,3.83,21,0,2,0,0,0
3484.76,3.48,19,7,1,2,0,0
3877.84,3.88,28,4,0,0,0,0
3258.93,3.26,16,14,4,0,1,0
3001.37,3,11,20,5,0,2,0
3334.77,3.33,13,12,1,0,1,0
3669.34,3.67,26,5,1,0,1,0
3885.48,3.88,31,2,1,0,0,0
3580.23,3.58,31,20,1,0,0,0
3513.03,3.51,26,22,1,0,0,0
3922.41,3.92,24,0,1,0,0,0
3771.56,3.77,23,0,3,0,0,0
3842.32,3.84,23,1,0,1,0,0
3139.3,3.14,12,12,3,1,1,0
3641.68,3.64,27,5,4,0,0,0
3895.57,3.89,27,0,0,1,0,0
3363.81,3.36,26,4,2,1,3,0
3668.41,3.67,17,3,0,0,1,0
3084.65,3.08,12,5,5,1,1,0
3601.62,3.6,47,7,7,0,1,0
2800.88,2.8,7,11,4,1,2,0
3365.05,3.36,12,21,0,0,0,0
3349.41,3.35,15,4,2,1,1,0
3889.03,3.89,33,0,2,0,0,0
3262.18,3.26,12,7,2,2,0,0
3501.59,3.5,15,6,3,0,0,0
3647.5,3.64,29,16,0,0,0,0
3469.1,3.47,22,22,1,0,0,0
3513.72,3.51,24,20,1,0,0,0
3625.19,3.62,28,17,0,0,0,0
3884.15,3.83,529,66,4,3,5,16
3101.47,3.1,13,12,2,1,2,0
3208.81,3.21,18,5,2,2,2,0
3786.31,3.78,36,10,0,0,0,0
3501.5,3.5,14,8,2,0,0,0
3956.49,3.95,41,0,1,0,0,0
3501.3,3.5,12,9,1,0,0,0
3817.24,3.81,24,2,0,1,0,0
3974.92,3.97,86,3,0,0,0,0
3095.99,3.1,6,11,4,0,0,0
3709.57,3.69,176,20,13,0,5,0
3631.88,3.63,22,2,1,2,0,0
3778.28,3.78,32,7,1,0,0,0
3001.42,3,13,4,4,3,1,0
3702.46,3.7,24,3,3,0,0,0
3365.72,3.36,85,40,10,0,8,0
3309.12,3.31,13,8,5,0,0,0
3592.47,3.59,26,10,3,0,0,0
3321.06,3.32,33,20,7,3,0,0
3657.35,3.66,21,6,2,0,0,0
3733.54,3.73,46,11,1,1,0,0
3724.42,3.72,34,6,3,0,0,0
3270.66,3.27,13,9,3,0,1,0
3127.19,3.13,19,20,6,2,1,0
3188.79,3.19,31,35,14,1,0,0
3543.25,3.54,55,19,3,0,3,0
3617.08,3.62,16,10,0,0,0,0
3304.47,3.3,25,33,4,1,0,0
3220.42,3.22,15,12,2,3,0,0
3708.05,3.7,34,7,3,0,0,0
3657.44,3.66,22,4,3,0,0,0
3597.03,3.59,23,13,1,0,0,0
3578.25,3.58,24,4,5,0,0,0
3333,3.33,61,19,11,3,4,0
3778.07,3.77,52,13,1,0,0,0
3753.77,3.75,37,5,1,0,1,0
3501.84,3.5,18,1,1,0,2,0
2967.16,2.97,15,5,5,1,3,0
3460.01,3.46,16,3,5,0,0,0
3697.14,3.69,26,9,1,0,0,0
3772.56,3.77,46,8,1,1,0,0
3607.98,3.61,26,9,3,0,0,0
3070.25,3.07,11,10,7,1,0,0
2953.4,2.95,9,6,2,4,0,0
3512.57,3.51,29,22,2,0,0,0
3622.69,3.62,19,9,1,0,0,0
3926.58,3.92,50,0,0,0,1,0
3780.21,3.78,24,2,0,0,1,0
3817.15,3.81,23,3,1,0,0,0
3856.04,3.81,425,34,5,3,9,0
3988.78,3.97,171,5,0,0,0,4
3599.19,3.58,175,94,8,1,1,0
3335.04,3.33,16,4,2,0,2,3
3392.7,3.39,13,8,1,0,1,0
3191.86,3.19,13,3,3,0,2,0
3942.21,3.89,489,50,0,0,2,0
3729.11,3.73,18,3,0,1,0,0
3785.4,3.78,59,7,0,0,2,0
3035.4,3.03,7,17,4,1,0,0
3398.03,3.4,25,12,4,2,0,0
3144.13,3.14,11,12,3,2,0,0
3591.89,3.59,44,15,2,1,1,0
3459.83,3.46,14,8,1,1,0,0
3620.34,3.62,26,3,5,0,0,1
3762.05,3.76,20,4,1,0,0,0
3319.21,3.32,9,11,2,0,0,0
3001.73,3,16,4,4,3,2,0
3373.76,3.37,22,7,4,1,1,0
3844.09,3.83,90,11,1,0,1,1
3680.92,3.68,23,3,0,2,0,0
3401.69,3.4,16,6,1,1,1,0
3637.93,3.64,15,6,1,0,0,0
3040.97,3.04,8,11,5,1,0,0
3526.66,3.52,27,12,2,0,1,0
3657.17,3.66,19,10,0,0,0,0
3147.05,3.14,38,26,4,4,5,0
3334.65,3.33,12,8,4,0,0,0
3742.81,3.74,20,7,0,0,0,0
3261.82,3.26,8,13,2,0,0,0
3455.85,3.45,12,8,2,0,0,0
2881.06,2.88,9,6,9,0,1,0
3346.14,3.34,23,3,2,2,2,0
3774.75,3.77,20,0,1,1,0,0
3917.28,3.91,42,4,0,0,0,0
3769.67,3.77,36,11,0,0,0,0
3659.74,3.66,25,8,2,0,0,0
3566.65,3.56,24,13,2,0,0,0
3702.47,3.7,24,5,0,0,1,1
3455.67,3.45,10,12,0,0,0,0
3373.4,3.37,18,12,5,0,0,0
3864.23,3.86,37,6,0,0,0,0
3072.97,3.07,14,8,3,0,3,0
3209.65,3.21,12,9,1,0,2,0
3172.14,3.17,20,25,6,1,1,0
3716.03,3.71,17,2,2,0,0,0
3346.38,3.34,14,11,4,0,0,0
3072.52,3.07,9,13,5,1,0,0
3183.68,3.18,17,10,3,1,2,0
2654.83,2.65,8,8,5,3,2,0
3388.95,3.39,17,9,5,0,0,1
3642.14,3.64,21,2,0,1,1,0
2780.3,2.78,23,4,10,1,7,0
3420.92,3.42,14,16,1,0,0,0
3602.02,3.6,19,10,1,0,0,1
3418.45,3.42,17,3,2,1,1,1
3705.68,3.7,19,8,0,0,0,0
2909.67,2.91,4,12,6,0,0,0
3561.51,3.56,14,11,0,0,0,0
3349.24,3.35,13,7,2,0,1,1
3835.89,3.83,25,5,0,0,0,1
3713.52,3.71,29,8,0,1,0,0
3408.28,3.41,19,10,1,1,1,0
3557.72,3.56,21,3,1,1,1,0
3831.85,3.83,49,1,0,0,2,0
3879.26,3.88,42,6,0,0,0,0
3209.56,3.21,11,11,0,0,2,0
3084.83,3.08,14,5,1,1,3,0
3585.28,3.58,19,3,0,1,1,0
2714.86,2.71,4,9,7,0,1,0
3841.54,3.84,54,5,1,1,0,0
3795.83,3.79,27,0,0,2,0,1
3167.72,3.17,9,12,2,0,1,0
3912.12,3.91,30,3,0,0,0,0
3930.75,3.93,39,1,1,0,0,0
3573.15,3.57,16,12,0,0,0,0
3501.61,3.5,15,9,2,0,0,0
3578.89,3.58,19,3,4,0,0,0
3888.79,3.88,54,5,1,0,0,0
3697.7,3.69,37,9,3,0,0,0
3219.44,3.2,145,80,33,11,11,2
3817.25,3.81,24,2,0,1,0,1
3732.71,3.73,29,6,2,0,0,0
3001.12,3,10,8,1,0,3,0
3044.97,3.04,14,3,2,1,3,0
3361.69,3.36,16,5,2,1,1,0
3441.24,3.44,11,14,0,0,0,0
3810.11,3.81,24,0,1,1,0,0
3898.18,3.89,34,4,0,0,0,0
3987.66,3.98,55,1,0,0,0,1
2834.41,2.83,8,16,11,0,1,0
3143.7,3.14,7,12,1,0,1,0
3165.02,3.16,20,11,11,1,0,0
3788.06,3.79,23,4,1,0,0,0
3292.72,3.29,9,13,2,0,0,0
3292.82,3.29,10,11,3,0,0,1
3374.86,3.37,26,11,4,0,2,0
2813.72,2.81,10,14,3,2,3,0
3084.29,3.08,8,11,4,1,0,0
3902.41,3.9,44,5,0,0,0,0
3382.15,3.38,11,8,1,1,0,0
2944.47,2.94,14,9,10,0,2,0
3390.78,3.39,17,16,3,0,0,0
3388.49,3.39,12,19,0,0,0,0
3934.26,3.93,40,3,0,0,0,0
3942.61,3.94,32,0,1,0,0,1
3274.03,3.27,12,7,1,1,1,0
3121.33,3.12,12,8,3,0,2,0
3001.21,3,11,5,3,1,2,0
3270.48,3.27,11,11,4,0,0,0
3459.67,3.46,12,11,1,0,0,2
3881.74,3.88,29,4,0,0,0,1
3647.86,3.64,33,8,4,0,0,0
3669.82,3.67,30,15,0,0,0,0
3754.08,3.75,40,5,2,1,0,0
3872.21,3.86,140,8,7,0,0,0
3191.59,3.19,10,9,0,0,2,0
3042.73,3.04,9,8,6,1,0,1
3031.71,3.03,12,12,8,0,1,0
3092.57,3.09,16,1,0,1,4,0
3683.66,3.68,18,2,1,1,0,0
3668.89,3.67,22,0,0,0,2,0
3479.57,3.48,12,10,1,0,0,0
3057.19,3.05,34,36,19,5,0,0
3590.65,3.59,23,8,3,0,0,0
3430.56,3.43,19,4,3,2,0,0
3081.06,3.08,9,11,4,0,1,0
3584.03,3.58,48,24,4,0,0,0
2495.46,2.49,13,31,21,5,7,1
3471.29,3.47,59,18,3,2,4,0
3520.41,3.52,18,6,2,1,0,0
3501.67,3.5,16,3,2,0,1,1
3243.29,3.24,18,7,0,1,3,0
3144.76,3.14,18,4,2,0,4,0
3660.71,3.65,62,12,5,2,0,0
3236.67,3.23,24,14,6,2,1,0
3279.32,3.28,25,12,8,2,0,0
3617.17,3.62,17,8,1,0,0,0
2618.68,2.62,13,13,12,8,1,2
3358.95,3.36,17,6,4,0,1,0
3444.72,3.44,27,13,0,1,2,0
3543.44,3.54,17,3,4,0,0,0
3631.52,3.63,18,8,1,0,0,0
3230,3.23,12,19,4,0,0,0
3819.31,3.81,44,10,0,0,0,0
3282.8,3.28,70,10,3,5,10,1
3668.53,3.67,18,5,0,1,0,0
3046.12,3.05,5,13,4,0,0,0
3042.9,3.04,11,7,3,2,1,0
2703.7,2.7,7,16,10,4,0,0
3196.51,3.19,26,25,8,3,0,0
3193.05,3.19,44,24,9,5,3,0
3161.24,3.16,11,7,7,0,0,0
3502.49,3.5,23,17,2,0,0,0
3348.96,3.35,10,11,2,0,0,0
3072.34,3.07,7,19,0,1,1,0
2897.38,2.9,6,14,9,0,0,0
3362.73,3.36,14,21,1,0,0,0
3977.81,3.94,381,12,2,0,2,0
3376.59,3.38,15,7,0,0,2,0
3406.57,3.4,30,28,3,1,0,2
3684.2,3.68,32,15,0,0,0,0
3501.79,3.5,17,6,2,1,0,0
2964.04,2.96,9,10,6,2,0,0
3460.01,3.46,16,4,3,1,0,0
3481.6,3.48,15,8,1,1,0,0
3119.25,3.12,14,12,6,2,0,0
2828.33,2.83,5,17,5,1,1,0
3585.76,3.58,23,11,2,0,0,0
3787.55,3.78,85,6,0,1,3,0
3764.19,3.76,41,6,3,0,0,0
3092.31,3.09,13,2,5,0,2,1
3137.75,3.14,13,2,5,1,1,0
3105.36,3.1,18,2,4,4,1,0
3657.88,3.65,39,9,3,1,0,0
3217.76,3.22,13,19,5,0,0,0
3251.48,3.25,12,26,2,0,0,0
3173.31,3.17,17,10,6,1,1,0
3395.62,3.39,15,16,2,0,0,0
3688.23,3.69,24,11,0,0,0,1
3487.59,3.49,17,18,0,0,0,0
3811.44,3.81,19,0,2,0,0,0
3520.5,3.52,19,5,1,2,0,0
3617.46,3.62,20,3,2,1,0,2
3697.42,3.7,17,5,1,0,0,1
3573.17,3.57,17,1,2,0,1,0
3441.69,3.44,16,7,0,1,1,0
2864.59,2.86,8,7,5,0,2,1
3418.35,3.42,16,6,0,0,2,0
3421.73,3.42,23,4,1,0,3,0
3573.51,3.57,20,6,1,0,1,0
3959.88,3.96,43,2,0,0,0,0
3780.49,3.78,45,13,0,0,0,0
3468.23,3.47,14,16,0,0,0,0
3794.19,3.79,34,9,0,0,0,0
3742.99,3.74,22,3,2,0,0,0
3361.6,3.36,15,6,3,0,1,0
3144.15,3.14,12,4,3,0,2,0
3001.25,3,11,10,2,0,3,0
2853.92,2.85,7,18,7,1,1,1
3088.01,3.09,9,11,1,0,2,1
3864.7,3.86,26,2,1,0,0,0
3311.8,3.31,13,12,4,0,0,0
3372.09,3.37,16,8,1,1,1,1
3112.01,3.11,7,17,2,1,0,0
3795.55,3.79,24,4,1,0,0,0
3483.1,3.48,15,11,0,1,0,0
3668.74,3.67,20,5,2,0,0,0
3228.48,3.23,11,7,2,2,0,0
2786.89,2.79,10,10,2,4,2,0
3518.06,3.52,18,12,0,1,0,0
2960.88,2.96,7,13,3,1,1,0
3523.14,3.52,13,9,1,0,0,0
3381.88,3.38,8,13,0,0,0,0
3334.56,3.33,11,12,0,0,1,0
3382.15,3.38,11,9,0,0,1,0
3434.81,3.43,13,17,0,0,0,1
3372.96,3.37,13,22,0,0,0,1
3334.27,3.33,8,12,1,0,0,1
1864.31,1.86,5,3,5,2,7,0
3564.71,3.56,21,9,1,1,0,0
3232.2,3.23,13,8,3,2,0,0
3391.41,3.39,56,15,6,0,6,0
3560.69,3.56,50,5,2,5,1,0
3609.23,3.6,69,23,4,0,2,0
3353.37,3.34,101,17,4,5,13,2
3951.76,3.95,53,3,0,0,0,0
3319.3,3.32,10,10,1,1,0,0
3936.13,3.93,43,0,0,1,0,0
3761.16,3.76,25,3,0,0,1,0
2808.85,2.81,10,9,2,2,3,0
3620.24,3.62,25,5,4,0,0,0
3572.9,3.57,14,6,0,1,0,0
2905.7,2.9,8,7,3,2,1,1
3755.05,3.75,49,14,1,0,0,0
3759.48,3.76,33,6,2,0,0,0
3759.65,3.76,28,9,0,0,0,0
3257.78,3.25,41,22,5,4,3,1
3503.4,3.5,32,15,4,1,0,0
3346.92,3.34,47,71,5,0,0,0
2899.35,2.89,48,49,29,11,4,0
3341.48,3.33,120,56,22,7,5,1
3429.77,3.43,11,8,2,0,0,0
3193.65,3.19,12,8,5,1,0,0
3037.73,3.04,23,21,9,0,4,0
3558.17,3.56,25,7,3,1,0,0
3659.8,3.66,45,8,3,2,0,0
3502.77,3.5,26,13,2,0,1,1
3430.05,3.43,14,5,0,1,1,1
3239.3,3.24,11,4,6,0,0,0
3027.93,3.03,21,6,6,4,2,1
3820.2,3.82,20,0,2,0,0,0
3774.66,3.77,19,2,0,1,0,0
3084.38,3.08,9,11,2,1,1,0
3119.25,3.12,14,13,5,1,1,0
2739.9,2.74,6,9,4,4,0,0
3626.68,3.63,16,7,1,0,0,0
3578.8,3.58,18,7,0,0,1,0
3730.18,3.7,313,8,0,0,24,1
3929.49,3.9,305,15,3,0,3,1
3852.07,3.85,42,3,0,0,1,0
3669.31,3.67,26,1,1,1,1,0
3001.45,3,13,8,3,2,2,0
3334.74,3.33,13,7,3,1,0,0
3334.68,3.33,12,12,3,0,0,0
3430.65,3.43,20,4,1,2,1,0
3791,3.79,31,0,0,1,1,0
2865.01,2.86,23,36,21,7,0,0
3697.23,3.69,27,7,2,0,0,0
3627.3,3.63,22,9,0,1,0,0
3578.62,3.58,16,9,1,0,0,0
3820.29,3.82,21,0,0,0,1,0
3544.54,3.54,47,10,2,1,3,0
3815.17,3.81,26,6,0,0,0,1
3542.8,3.54,21,15,1,0,0,0
3770.35,3.76,133,3,0,0,8,0
3941.63,3.93,74,1,0,0,1,0
3635.94,3.63,42,9,6,0,0,1
3607.19,3.6,35,23,0,0,0,1
3077.9,3.08,8,12,6,0,0,0
3304.53,3.3,13,17,3,0,0,0
3410.12,3.41,9,13,0,0,0,0
2921.06,2.92,9,7,7,2,0,0
2739.99,2.74,7,8,4,3,1,0
3777.02,3.77,28,1,1,0,1,0
3479.93,3.48,16,4,2,0,1,0
3364.86,3.36,11,8,3,0,0,1
3358.59,3.36,13,13,1,1,0,0
3321.15,3.32,10,13,2,0,0,0
3668.41,3.67,17,1,3,0,0,0
3364.76,3.36,10,11,0,1,0,0
3218.26,3.22,7,15,0,1,0,1
3480.34,3.48,39,19,2,2,1,1
3344.65,3.34,16,15,4,0,0,0
3092.05,3.09,9,20,3,0,1,0
3627.12,3.63,20,12,0,0,0,0
3273.85,3.27,10,8,4,0,0,0
3459.56,3.46,11,13,0,0,0,0
3457.04,3.45,24,5,0,3,1,0
3828.21,3.83,21,1,0,1,0,0
3566.62,3.57,13,10,0,0,0,0
3183.03,3.18,11,6,4,0,1,0
3572.9,3.57,14,5,2,0,0,0
3550.85,3.55,37,26,0,1,0,0
3654.2,3.65,20,0,2,0,1,0
3669.37,3.67,26,8,2,0,0,0
3483.46,3.48,19,6,0,0,2,0
2909.94,2.91,7,11,1,1,2,0
3647.63,3.65,24,5,1,0,1,0
3282.84,3.28,14,13,5,0,0,1
3462.97,3.46,13,12,1,0,0,0
3242.93,3.24,14,10,3,2,0,0
3234.98,3.23,15,11,2,0,2,0
3710.46,3.71,21,0,2,1,0,0
3533.19,3.53,18,13,1,0,0,0
3723.92,3.72,38,10,2,0,0,0
3697.59,3.7,19,3,0,0,1,0
3533.73,3.53,24,5,1,0,2,0
3858.98,3.86,18,3,0,0,0,1
3501.7,3.5,16,9,0,0,1,0
3502.06,3.5,20,2,2,1,1,0
3286.71,3.29,8,20,0,0,0,0
3453.18,3.45,14,17,0,0,0,0
3392.34,3.39,9,14,0,0,0,0
3449.92,3.45,15,12,2,0,0,0
3836.39,3.83,30,6,0,0,0,0
3518.33,3.52,21,8,0,1,1,0
3716.37,3.71,20,8,0,0,0,0
3361.51,3.36,14,8,2,0,1,0
2868.23,2.87,14,5,7,1,3,0
3784.09,3.78,28,3,0,0,1,0
3307.45,3.31,17,14,4,1,0,0
3950.86,3.95,54,0,0,1,0,0
3900.56,3.89,94,4,2,1,0,0
3364.95,3.36,12,8,0,2,0,1
3218.54,3.22,10,10,2,0,1,2
3865.58,3.86,19,3,0,0,0,1
3001.4,3,13,5,1,0,4,0
2619.72,2.62,5,11,0,2,3,1
2984.08,2.98,19,24,7,2,3,0
3435.16,3.43,17,11,1,0,1,0
3220.15,3.22,32,15,9,2,2,0
3573.94,3.57,24,9,1,0,1,0
3112.1,3.11,8,14,5,0,0,0
3116.36,3.12,8,14,3,1,0,0
3335.01,3.33,15,14,4,0,0,0
3062.38,3.06,16,7,7,2,1,0
3463.06,3.46,14,10,2,0,0,0
3922.4,3.92,57,2,0,1,0,0
3242.99,3.24,19,30,4,1,0,0
3144.31,3.14,13,8,6,0,1,0
3545.19,3.54,22,12,0,0,1,0
2435.57,2.43,6,9,2,1,5,2
3979.82,3.97,98,1,1,0,0,0
3607.44,3.6,31,15,2,0,0,0
3512.66,3.51,40,13,3,2,1,0
3609.31,3.61,21,5,1,0,1,0
3167.9,3.17,11,9,2,1,1,0
3683.66,3.68,18,3,0,0,1,0
3902.74,3.9,27,3,0,0,0,1
2750.51,2.75,3,12,9,0,0,0
3929.13,3.92,60,5,0,0,0,0
3864.47,3.86,44,5,1,0,0,1
3842.15,3.84,21,4,0,0,0,1
3584.83,3.58,14,10,0,0,0,0
3501.68,3.5,16,6,1,0,1,0
3329.05,3.32,40,25,10,1,1,0
3220.15,3.22,12,15,5,0,0,0
3001.8,3,15,18,10,1,1,0
3873.91,3.87,62,5,0,0,1,0
3946.27,3.94,34,0,1,0,0,0
3418.17,3.42,14,7,2,1,0,0
3305.57,3.3,11,9,2,1,0,0
3246.35,3.24,31,28,9,1,1,0
3376.23,3.38,11,11,2,0,0,0
3238.94,3.24,7,12,2,0,0,0
3592.48,3.59,15,5,2,0,0,0
2857.8,2.86,5,11,3,1,1,0
3426.73,3.42,24,3,3,2,1,0
3948.43,3.94,50,3,0,0,0,0
3728.01,3.73,29,11,0,0,0,0
3699.46,3.7,24,8,1,0,0,0
2819.32,2.82,9,13,9,0,2,0
3795.57,3.79,38,10,0,0,0,0
3441.6,3.44,15,8,1,0,1,0
3577.8,3.58,19,14,0,0,0,0
3513.01,3.51,30,17,4,0,0,0
3261.91,3.26,9,11,3,0,0,0
3182.67,3.18,7,13,1,1,0,0
3539.98,3.54,14,12,0,0,0,0
2656.64,2.66,13,5,4,2,5,1
3122.18,3.12,39,41,18,3,1,0
2872.27,2.87,11,9,7,4,0,0
2961.24,2.96,11,6,5,2,1,0
3487.53,3.48,40,15,2,0,3,0
3143.97,3.14,10,7,2,1,1,0
3984.42,3.98,82,2,0,0,0,1
3530.29,3.52,89,45,8,0,2,1
3312.43,3.31,20,3,3,1,2,0
2788.91,2.78,66,89,56,16,10,1
3923.09,3.92,47,0,2,0,0,0
3683.4,3.68,15,7,0,0,0,1
3175.04,3.17,10,8,4,1,0,0
3514.77,3.51,24,14,3,0,0,0
2436.83,2.44,6,14,10,9,0,0
3566.83,3.56,26,11,1,0,1,0
3191.36,3.19,20,8,6,2,1,0
3281.15,3.28,10,12,3,0,0,0
3251.18,3.25,10,15,3,0,0,0
2960.52,2.96,3,18,4,0,0,0
3227.11,3.23,11,16,4,0,0,0
3547.38,3.55,19,0,1,0,2,0
3154.92,3.15,9,14,2,0,1,0
3364.67,3.36,9,12,1,0,0,0
3716.12,3.71,18,2,0,0,1,0
2760.97,2.76,8,9,5,0,3,0
3906.69,3.9,19,2,0,0,0,1
3000.96,3,8,10,4,2,0,0
3044.7,3.04,11,6,3,2,1,0
3895.48,3.89,26,1,1,0,0,0
2734.81,2.73,13,7,3,3,4,1
3550.5,3.55,20,8,3,0,0,0
2885.69,2.88,9,11,3,0,3,0
3361.42,3.36,13,8,4,0,0,0
3555.27,3.55,33,24,1,0,0,0
3637.84,3.64,14,8,0,0,0,0
3386.41,3.38,17,6,0,2,1,0
3429.08,3.42,97,42,15,3,3,0
3501.48,3.5,14,7,0,0,1,0
3877.22,3.88,22,1,1,0,0,0
3183.69,3.18,17,8,5,3,0,1
3710.28,3.71,19,4,0,1,0,0
3543.35,3.54,16,5,3,0,0,0
3251.81,3.25,17,6,2,1,2,0
3319.48,3.32,12,7,2,0,1,0
2789.11,2.79,10,12,6,4,1,0
3818.96,3.82,31,7,0,0,0,0
3914.41,3.91,53,1,0,0,1,0
3875.51,3.87,37,1,0,0,1,0
3306.02,3.3,16,2,2,2,1,0
3392.7,3.39,13,6,4,0,0,0
3668.35,3.67,16,8,0,0,0,0
3112.82,3.11,15,12,7,2,0,0
3088.18,3.09,11,6,4,1,1,0
3826.57,3.82,30,2,2,0,0,0
3481.87,3.48,18,4,0,3,0,0
3239.48,3.24,37,35,10,2,1,1
3752.44,3.75,24,3,0,0,1,0
3501.64,3.5,15,12,1,0,0,1
2869.88,2.87,12,14,8,3,1,0
3796.54,3.79,75,13,1,0,1,0
3227.47,3.23,15,10,4,2,0,0
2828.69,2.83,9,8,11,0,1,0
3059.92,3.06,19,22,7,3,1,0
3297.92,3.3,15,8,2,1,1,0
3209.38,3.21,9,13,1,0,1,0
3740.99,3.74,18,4,1,0,0,1
3975.86,3.97,88,3,0,0,0,0
3001.41,3,13,4,3,2,2,0
3602.01,3.6,19,10,1,0,0,0
3655.91,3.65,20,5,0,0,1,0
3468.32,3.47,15,14,1,0,0,0
3417.38,3.41,53,23,4,1,4,0
2858.09,2.85,27,53,20,7,3,1
3001.58,3,13,18,8,1,1,0
3566.92,3.56,27,9,2,0,1,0
3945.36,3.94,101,7,0,0,0,0
3846.5,3.84,27,5,0,0,0,0
3721.14,3.72,23,9,0,0,0,0
3826.39,3.82,28,6,0,0,0,0
3836.75,3.83,34,0,1,0,1,0
3029.31,3.03,13,12,10,1,0,0
3479.75,3.48,14,8,0,0,1,0
3001.2,3,10,14,2,1,2,1
3058.39,3.06,10,18,6,1,0,0
2594.97,2.59,10,10,6,1,5,0
3835.65,3.83,23,0,0,0,1,1
3129.66,3.13,17,19,11,0,0,0
3401.51,3.4,14,7,4,0,0,0
2929.75,2.93,10,10,5,2,1,0
3131.29,3.13,7,12,4,0,0,0
3218.7,3.22,12,6,4,0,1,0
3368.05,3.37,12,17,1,0,0,0
3358.32,3.36,10,18,0,0,0,0
2929.3,2.93,5,18,4,0,1,0
2924.15,2.92,9,9,5,3,0,0
2084.38,2.08,9,1,3,5,6,0
3386.05,3.38,13,11,1,1,0,0
3547.02,3.55,15,4,3,0,0,0
3668.15,3.67,14,7,0,0,0,1
3588.12,3.59,18,10,1,0,0,0
3535.61,3.53,22,6,0,0,2,0
2819.12,2.82,8,9,1,1,3,0
3592.57,3.59,16,4,1,1,0,0
3321.24,3.32,11,11,3,0,0,0
3610.64,3.61,19,2,0,1,1,0
3372.62,3.37,22,1,0,0,4,0
3681.78,3.68,17,8,0,0,0,0
3680.83,3.68,22,4,1,1,0,0
3182.85,3.18,9,10,2,0,1,0
3335.43,3.33,19,18,0,0,2,0
2783.2,2.78,4,10,9,0,0,0
3096.17,3.1,8,11,0,0,2,0
3410.49,3.41,13,5,4,0,0,1
3631.71,3.63,31,1,0,0,3,0
3488.13,3.49,23,7,4,1,0,0
2876.23,2.88,11,7,2,0,4,0
3415.52,3.41,16,11,1,0,1,0
3436,3.43,11,11,1,0,0,0
3321.33,3.32,12,10,2,1,0,0
3096,3.1,6,11,4,0,0,1
3286.49,3.27,122,72,35,5,4,2
3429.95,3.43,13,6,1,0,1,0
3364.76,3.36,10,10,2,0,0,0
2969.58,2.97,17,5,2,5,2,0
2565.94,2.57,5,8,6,3,1,4
3321.25,3.32,11,11,3,0,0,1
3886.91,3.88,45,6,0,0,0,0
3688.67,3.69,29,3,2,0,1,0
3668.5,3.67,18,1,0,2,0,0
3459.65,3.46,12,11,1,0,0,0
3167.82,3.17,10,10,3,0,1,1
3228.39,3.23,10,7,5,0,0,0
3516.13,3.51,25,9,1,1,1,0
3393.83,3.39,23,19,3,1,0,0
2979.8,2.98,12,24,7,3,0,0
3572.24,3.57,49,10,6,1,1,0
3633.32,3.63,45,24,1,0,0,0
2886.27,2.88,26,15,11,2,6,0
2763.31,2.76,11,15,11,5,0,0
3705.69,3.7,19,8,0,0,0,1
3769.85,3.77,38,7,2,0,0,0
3116.81,3.12,13,6,5,1,1,0
3273.49,3.27,6,16,0,0,0,0
3322.32,3.32,30,10,2,2,3,0
3986.34,3.98,52,1,0,0,0,0
3365.39,3.36,17,2,0,0,3,0
3793.71,3.79,20,3,1,0,0,0
3601.96,3.6,19,4,1,0,1,0
3376.41,3.38,13,9,1,0,1,0
2955.31,2.95,6,11,3,2,0,0
3167.85,3.16,40,36,20,2,0,0
3305.58,3.3,11,10,1,0,1,1
3602.05,3.6,20,2,2,0,1,0
3429.68,3.43,10,10,1,0,0,0
2989.38,2.98,47,46,18,8,5,4
3869.41,3.87,27,2,1,0,0,1
3861.59,3.86,44,3,2,0,0,0
3571.05,3.57,27,15,2,0,0,0
3975.55,3.97,63,2,0,0,0,0
3766.16,3.76,29,9,0,0,0,1
3625.28,3.62,29,15,1,0,0,0
3614.92,3.61,19,12,0,0,0,0
3157.92,3.16,15,10,5,1,1,0
3753.15,3.75,31,3,1,0,1,0
3711.06,3.71,50,16,2,0,0,0
3304.98,3.3,18,9,4,2,0,0
3852.55,3.85,50,9,0,0,0,0
3865.59,3.86,19,3,0,0,0,2
3740.29,3.74,34,1,1,1,1,1
3218.34,3.22,8,13,1,1,0,0
3923.78,3.92,57,3,1,0,0,1
3641.59,3.64,26,9,0,0,1,0
3234.89,3.23,14,11,4,0,1,0
2029.28,2.03,4,8,11,9,3,0
3436.18,3.43,13,7,3,0,0,0
3867.77,3.86,41,0,3,0,0,0
3602.19,3.6,21,8,0,0,1,0
3382.16,3.38,11,7,3,0,0,1
3218.7,3.22,12,8,1,0,2,0
2924.24,2.92,10,10,3,0,3,0
3125.87,3.13,7,14,2,1,0,0
2614.3,2.61,12,8,3,3,5,1
3679.62,3.68,21,10,0,0,0,0
3910.12,3.89,176,17,2,0,0,2
3846.59,3.84,28,3,1,0,0,0
3655.33,3.65,30,16,0,0,0,0
2959.38,2.96,9,10,2,1,2,0
3416.24,3.41,24,1,0,0,4,0
3385.78,3.38,10,16,0,0,0,0
3228.48,3.23,11,8,1,1,1,0
3436.45,3.43,16,5,0,0,2,0
3321.42,3.32,13,9,1,2,0,0
3179.39,3.18,6,21,1,0,0,0
3305.75,3.3,13,6,3,0,1,0
3746.77,3.74,31,6,2,0,0,0
3264.3,3.26,22,12,5,3,0,0
3319.57,3.32,13,5,2,2,0,0
3524.01,3.52,47,27,4,1,0,0
3260.43,3.26,10,14,3,0,0,0
3209.92,3.21,15,3,3,2,1,0
3274.41,3.27,15,13,4,1,0,0
3436.27,3.43,14,6,2,1,0,0
3352.11,3.35,19,17,3,1,0,0
3349.05,3.35,11,10,1,1,0,0
3334.41,3.33,9,18,0,0,0,0
2111.92,2.11,6,6,4,7,4,0
2776.08,2.77,14,25,18,5,0,1
3090.01,3.09,34,39,15,4,1,0
3251.32,3.25,12,8,3,0,1,0
3201.06,3.2,9,12,4,0,0,0
3868.29,3.86,34,1,2,0,0,0
3962.95,3.96,46,2,0,0,0,0
3524.81,3.52,29,12,5,0,0,0
3741.41,3.74,32,9,1,0,0,1
3992,3.99,67,1,0,0,0,0
3999.42,3.99,138,0,1,0,0,0
3831.8,3.83,32,2,0,0,1,0
2762.29,2.76,2,13,5,1,0,0
3209.56,3.21,11,10,0,3,0,0
3721.96,3.72,19,5,1,0,0,0
3002.19,3,19,17,8,1,3,0
3502.87,3.5,27,12,5,0,0,0
3262,3.26,10,11,1,0,1,0
3001.13,3,10,8,2,1,2,0
3876.5,3.87,41,6,0,0,0,0
3412.14,3.41,29,9,3,1,2,0
3347.85,3.35,16,5,3,2,0,0
3359.72,3.36,24,9,9,0,0,0
2782.47,2.78,10,13,4,2,3,0
3088.09,3.09,10,9,0,4,0,0
3361.24,3.36,11,12,2,0,0,0
3906.24,3.9,30,0,0,1,0,0
3989.63,3.98,60,1,0,0,0,1
3702.92,3.7,28,12,0,0,0,0
3277.56,3.28,24,7,7,0,2,0
3157.83,3.16,14,11,5,2,0,0
3579.07,3.58,21,1,3,0,1,0
3962.42,3.96,24,1,0,0,0,1
3324.15,3.32,14,15,1,0,1,0
3545.15,3.54,43,28,3,0,0,0
3002.58,3,20,41,13,2,1,1
3274.3,3.27,15,3,0,3,1,0
2696.51,2.7,7,6,6,4,0,0
3989.62,3.98,60,1,0,0,0,0
3958.86,3.95,43,0,1,0,0,0
2913.9,2.91,7,8,7,1,0,0
3057.64,3.06,17,24,12,1,0,1
3251.81,3.25,17,6,1,3,1,0
3456.59,3.45,19,11,2,1,0,0
3924.58,3.92,35,3,0,0,0,0
3877.32,3.88,23,0,0,1,0,1
3557.81,3.56,22,2,1,0,2,0
2894.13,2.89,11,10,2,3,2,0
3218.43,3.22,9,10,4,0,0,0
3175.31,3.17,13,7,0,0,3,0
3281.33,3.28,12,8,5,0,0,0
3594.31,3.59,16,11,0,0,0,1
3737.88,3.74,25,9,0,0,0,0
3572.72,3.57,12,9,0,0,0,0
3470.78,3.47,19,10,2,1,0,0
3483.01,3.48,14,12,1,0,0,0
3228.03,3.23,6,15,1,0,0,0
3392.79,3.39,14,6,2,0,1,0
3346.38,3.34,14,12,2,1,0,0
3392.43,3.39,10,12,1,0,0,0
3612.51,3.61,26,14,1,0,0,0
3286.91,3.29,11,7,1,2,0,0
3324.78,3.32,31,17,5,1,2,0
3343.84,3.34,15,21,2,0,0,0
3091.85,3.09,8,9,4,1,0,0
3732.83,3.73,20,5,1,0,0,0
3410.48,3.41,13,6,2,1,0,0
3281.24,3.28,11,12,1,0,1,0
3594.22,3.59,57,21,7,0,0,0
3799.92,3.8,39,10,0,0,0,0
3501.94,3.5,18,12,2,0,0,0
3281.06,3.28,9,14,2,0,0,0
3468.5,3.47,17,10,3,0,0,0
3273.87,3.27,9,24,0,0,0,0
3942.6,3.94,32,0,1,0,0,0
2955.49,2.95,8,8,3,3,0,0
2914.84,2.91,22,18,9,6,2,1
3147.66,3.15,15,26,6,1,0,0
3137.66,3.14,12,5,3,0,2,0
3429.95,3.43,13,5,2,1,0,0
3513.27,3.51,24,23,0,0,0,0
3321.06,3.32,16,30,1,0,0,0
3218.75,3.22,24,6,2,1,4,0
3550.77,3.55,23,6,0,0,2,0
3334.53,3.33,11,8,1,0,1,0
3112.28,3.11,10,14,1,0,2,0
3162.63,3.16,28,26,13,2,0,0
3332.47,3.33,33,33,5,2,0,0
3315.99,3.31,15,16,4,0,0,0
3392.88,3.39,15,4,3,0,1,0
3578.71,3.58,17,7,2,0,0,0
3194.27,3.19,16,30,6,0,0,0
3597.21,3.59,25,9,3,0,0,0
3795.73,3.79,26,1,1,1,0,0
3642.05,3.64,20,3,1,0,1,0
2905.24,2.9,3,13,5,0,0,0
3308.67,3.31,8,18,0,0,0,0
3202.33,3.2,22,3,5,5,0,0
3251.8,3.25,16,15,4,0,1,0
3598.08,3.59,41,20,3,0,0,0
3273.67,3.27,8,12,2,0,0,0
3112.28,3.11,10,11,5,1,0,0
3523.05,3.52,12,11,0,0,0,0
2885.96,2.88,12,5,6,0,3,0
2905.33,2.9,80,138,65,19,3,0
3135.07,3.13,16,8,2,2,2,0
3101.2,3.1,10,13,7,0,0,0
3685.05,3.68,31,12,1,0,0,0
2927.57,2.91,123,133,67,44,0,2
3546.75,3.54,42,9,6,2,0,1
3557.18,3.56,15,12,0,0,0,0
3106.72,3.11,12,18,8,0,0,0
3574.01,3.57,24,18,0,0,0,0
3533.55,3.53,22,7,1,2,0,0
3445.8,3.44,12,15,0,0,0,1
3627.21,3.63,21,10,1,0,0,0
3771.65,3.77,24,0,1,0,1,0
3483.19,3.48,16,8,3,0,0,0
3559.35,3.56,35,28,0,0,0,1
3118.59,3.12,27,40,6,3,2,0
2727.85,2.73,4,9,8,1,0,0
2885.51,2.88,7,10,8,1,0,0
3321.51,3.32,14,8,1,1,1,0
3503.33,3.48,244,94,26,8,7,1
3602.28,3.6,22,6,1,0,1,0
3046.21,3.05,6,13,2,0,1,0
3167.99,3.17,12,6,5,0,1,0
3430.2,3.43,15,10,3,0,0,0
2827.22,2.83,10,6,3,1,3,0
3268.63,3.26,36,21,6,3,2,0
3215.82,3.21,44,78,7,3,1,0
3342.79,3.34,16,27,1,0,0,0
3270.3,3.27,9,15,2,0,0,0
3410.13,3.41,9,13,0,0,0,1
3354.45,3.35,13,20,1,0,0,0
3376.5,3.38,14,5,5,0,0,0
3001.44,3,13,8,2,1,3,0
2613.84,2.61,7,15,3,2,4,0
3790.73,3.79,28,3,2,0,0,0
2750.96,2.75,8,5,8,3,0,0
2839.62,2.83,41,36,20,14,4,0
3286.82,3.29,10,7,4,0,0,0
3456.79,3.45,20,24,0,0,0,0
3215.65,3.21,12,12,3,0,1,0
3143.79,3.14,8,8,5,0,0,0
2715.04,2.71,6,7,5,2,1,0
3386.14,3.38,14,10,1,0,1,0
3143.88,3.14,9,10,0,0,2,0
3602.56,3.6,25,2,1,0,2,1
3810.02,3.81,23,2,0,1,0,0
3182.94,3.18,10,7,4,1,0,0
3281.25,3.28,11,12,1,0,1,1
3361.42,3.36,13,10,1,0,1,0
3424.71,3.42,15,7,4,0,0,2
2953.13,2.95,6,8,7,0,0,0
3540.25,3.54,17,7,1,1,0,0
2773.49,2.77,6,9,4,2,1,0
3918.99,3.92,23,0,1,0,0,1
3566.89,3.57,16,4,3,0,0,0
3209.74,3.21,13,6,3,1,1,0
3309.01,3.31,37,9,9,2,2,1
2856.45,2.85,15,22,14,3,1,0
3133.02,3.13,14,42,4,1,0,0
3487.77,3.49,19,14,2,0,0,0
2853.21,2.85,12,6,5,1,3,1
3848.67,3.85,25,0,0,0,1,1
3472.37,3.47,16,18,0,0,0,0
2919.92,2.92,7,23,4,3,0,0
2905.42,2.9,5,9,7,0,0,0
3953.91,3.95,39,0,1,0,0,0
3622.06,3.62,64,22,3,1,1,1
3209.74,3.21,13,8,0,1,2,0
2815.8,2.81,8,8,10,0,1,0
3502.37,3.5,23,3,2,0,2,0
3223.48,3.22,11,13,2,0,1,0
3314.26,3.31,16,14,0,0,2,0
3382.24,3.38,12,5,4,0,0,0
3620.8,3.62,17,2,1,0,1,1
3479.75,3.48,14,7,1,1,0,0
2463.15,2.46,15,1,0,1,9,0
3767.48,3.76,27,6,1,0,0,0
3251.09,3.25,9,17,2,0,0,0
3936.04,3.93,42,1,1,0,0,0
3584.92,3.58,15,8,1,0,0,0
3553.45,3.55,16,13,0,0,0,0
3638.11,3.64,17,4,0,0,1,0
3960.65,3.96,23,1,0,0,0,1
3410.39,3.41,12,9,0,0,1,0
3914.9,3.91,31,3,0,0,0,1
3638.58,3.64,21,12,0,0,0,0
3468.87,3.47,21,5,2,1,1,1
3149.23,3.15,9,14,3,1,0,0
3760.34,3.76,27,5,0,1,0,0
3860.89,3.86,37,4,1,0,0,0
3882.55,3.88,53,1,3,0,0,2
3697.06,3.69,25,11,0,0,0,1
3626.59,3.63,15,9,0,0,0,0
3860.8,3.86,36,6,0,0,0,0
3131.47,3.13,9,9,4,1,0,0
2915.72,2.91,12,13,7,1,2,0
3501.9,3.5,18,6,4,0,0,0
2653.03,2.65,7,8,3,3,2,0
3472.15,3.47,42,13,3,2,2,1
3149.32,3.15,10,13,2,2,0,0
3885.39,3.88,30,4,0,0,0,0
3380.68,3.38,12,16,1,0,0,0
3385.96,3.38,12,12,2,0,0,0
3335.47,3.33,20,8,2,2,1,1
3356.14,3.35,11,20,0,0,0,0
3092.97,3.09,18,15,9,1,1,0
3262.18,3.26,12,8,1,1,1,0
3540.07,3.54,15,10,1,0,0,0
3609.22,3.61,20,6,1,1,0,0
3501.59,3.5,15,8,0,0,1,0
3645.98,3.64,30,11,0,0,1,0
3484.59,3.48,17,9,3,0,0,1
3715.86,3.71,15,6,0,0,0,1
3376.68,3.38,16,3,3,2,0,0
3201.92,3.2,18,6,3,0,3,0
2524.38,2.52,4,9,4,2,2,0
3647.63,3.65,24,4,2,1,0,0
3273.94,3.27,11,8,2,0,1,0
3072.79,3.07,12,10,4,0,2,0
2747.56,2.75,10,31,19,2,1,0
3710.37,3.71,20,2,1,1,0,0
3044.79,3.04,12,5,3,1,2,0
2905.51,2.9,6,9,4,2,0,0
3161.78,3.16,48,72,18,1,2,2
3175.31,3.17,13,6,1,1,2,0
3469.61,3.47,39,11,5,2,1,0
3228.3,3.23,9,9,4,0,0,0
3583.29,3.58,31,17,2,0,0,0
3645.34,3.64,51,21,3,0,0,0
3743.63,3.74,67,3,3,1,2,0
2920.97,2.92,8,10,5,1,1,0
3467.1,3.46,40,7,3,0,4,0
3241.24,3.24,11,11,2,0,1,0
3173.78,3.17,12,12,4,0,1,0
3358.68,3.36,14,12,1,0,1,0
2864.14,2.86,3,16,1,1,1,1
3531.81,3.53,33,17,1,2,0,1
3479.58,3.48,12,10,1,0,0,1
3717.16,3.71,28,5,1,1,0,0
3309.04,3.31,12,10,4,0,0,1
3349.05,3.35,11,9,3,0,0,0
3132.74,3.12,125,140,47,15,3,1
3031.45,3.03,9,21,0,1,2,1
2501.53,2.5,9,28,25,10,0,0
3716.89,3.71,25,10,0,0,0,0
3322.88,3.32,13,13,1,0,1,0
3344.74,3.34,17,16,0,1,1,0
3286.64,3.29,8,11,2,0,0,0
3624.06,3.62,23,14,0,0,0,0
3653.75,3.65,15,8,0,0,0,0
3716.13,3.71,18,1,1,1,0,1
3334.17,3.33,7,14,0,0,0,0
3617.44,3.62,20,4,1,0,1,0
3376.77,3.38,17,3,2,0,2,0
2952.95,2.95,4,12,5,0,0,0
3760.89,3.76,22,7,0,0,0,0
3901.07,3.9,36,2,1,0,0,0
3092.12,3.09,11,6,3,0,2,0
3319.21,3.32,9,12,0,1,0,0
3492.96,3.49,25,26,0,0,0,0
3080.98,3.08,8,15,0,0,2,1
3441.78,3.44,17,5,1,1,1,0
3087.5,3.09,16,10,5,4,0,0
3502.04,3.5,19,12,0,0,1,1
3370.06,3.37,14,24,0,0,0,0
3520.23,3.52,16,9,2,0,0,0
3277.14,3.28,11,16,1,1,0,0
3087.92,3.09,8,9,6,0,0,1
3455.94,3.45,13,8,0,0,1,0
3835.52,3.83,49,10,0,0,0,1
3111.86,3.11,33,24,11,4,2,4
3359.35,3.36,37,31,7,0,1,0
3342.18,3.34,40,22,10,1,1,0
3641.34,3.64,48,14,3,0,1,0
2815.89,2.81,9,5,12,1,0,0
3353.61,3.35,21,12,2,0,2,0
2952.95,2.95,4,13,3,1,0,0
3392.61,3.39,12,8,3,0,0,0
3523.5,3.52,17,3,2,0,1,0
3431.31,3.43,25,21,2,1,0,0
3324.06,3.32,13,16,1,1,0,0
3759.57,3.76,34,6,0,0,1,0
3710.46,3.71,21,1,1,0,1,0
3427.56,3.43,24,11,3,2,0,0
3573.08,3.57,16,2,2,1,0,0
3599.36,3.6,35,8,2,1,1,0
2885.69,2.88,9,9,4,4,0,0
3028.95,3.03,9,23,2,0,2,0
3422.54,3.42,44,13,6,2,2,0
3535.53,3.53,35,6,4,0,2,0
2795.27,2.79,9,13,8,4,0,0
3641.96,3.64,19,5,0,0,1,0
3850.72,3.85,45,6,1,0,0,0
3984.91,3.98,49,1,0,0,0,0
3739.89,3.74,39,14,0,0,0,0
3536.3,3.53,28,13,4,0,0,0
3821.29,3.81,72,12,2,0,0,0
3174.86,3.17,8,13,1,0,1,0
2808.82,2.8,70,149,65,22,8,2
3187.87,3.18,32,32,9,0,3,2
3631.7,3.63,20,5,1,1,0,0
3154.66,3.14,144,169,69,9,1,2
2810.36,2.8,63,173,108,13,0,0
3809.28,3.81,28,1,1,1,0,0
3262.09,3.26,11,9,2,0,1,0
3001.04,3,9,8,4,1,1,0
3569.83,3.57,21,16,0,0,0,0
3682.55,3.68,38,18,0,0,0,0
3550.23,3.55,17,14,0,0,0,0
3726.93,3.72,34,13,0,0,0,0
3346.29,3.34,13,13,3,0,0,0
3823.15,3.82,49,4,1,0,1,1
3418.17,3.42,14,8,1,0,1,0
3335.04,3.33,16,7,2,1,1,0
3293.44,3.29,17,2,2,1,2,0
3626.6,3.63,15,9,0,0,0,1
3091.85,3.09,8,12,0,0,2,0
3386.63,3.38,18,18,3,0,0,0
3380.59,3.38,11,18,0,0,0,0
3193.29,3.19,8,15,3,0,0,0
3290.33,3.29,15,37,0,0,0,0
3388.67,3.39,14,16,0,1,0,0
3521.12,3.52,30,25,1,0,0,0
3477.48,3.48,12,7,2,0,0,0
1630.27,1.63,4,7,2,3,11,1
3516.54,3.51,21,12,1,1,0,1
3392.99,3.39,26,9,4,0,2,0
3251.32,3.25,12,8,2,2,0,0
3610.2,3.61,14,9,0,0,0,1
3683.57,3.68,17,3,2,0,0,0
3689.89,3.69,23,8,1,0,0,0
2648.11,2.65,6,30,8,5,2,0
3083.79,3.08,31,50,16,2,1,0
3334.62,3.33,12,6,2,0,1,0
3376.86,3.38,18,3,0,0,3,0
3610.37,3.61,16,5,2,0,0,0
3436.19,3.43,13,8,1,1,0,1
3557.27,3.56,16,10,1,0,0,0
3463.91,3.46,22,14,2,1,0,0
3885.66,3.88,33,0,0,0,1,0
3723.74,3.72,36,14,0,0,0,0
3525.81,3.52,69,27,11,1,0,0
3144.57,3.14,15,12,7,0,1,1
3228.66,3.23,13,4,3,1,1,0
3043.8,3.04,1,22,0,0,0,0
3342.97,3.34,23,17,7,0,0,0
3025.31,3.02,12,21,8,0,1,0
3443.7,3.44,27,31,1,0,0,0
3334.56,3.33,11,10,3,0,0,0
3610.55,3.61,18,3,1,0,1,0
3807.13,3.8,89,11,3,0,1,0
3793.27,3.79,65,7,1,1,1,0
3218.53,3.22,10,10,2,0,1,1
3450.19,3.45,18,9,0,1,1,0
3101.2,3.1,10,15,4,0,1,0
3602.6,3.6,25,7,2,1,0,0
3356.68,3.35,17,11,1,1,1,0
2887.23,2.88,52,36,44,8,3,0
3309.61,3.31,17,17,5,0,0,0
3765.36,3.76,69,22,0,0,0,0
3608.46,3.61,23,7,3,0,0,0
3137.57,3.14,11,6,3,1,1,0
3228.58,3.23,12,7,1,0,2,1
3233.61,3.23,68,57,14,0,7,0
2723.84,2.72,43,77,47,14,7,0
2551.57,2.55,13,10,5,10,2,0
2709.31,2.71,21,25,19,6,4,0
3393.47,3.39,19,26,1,0,0,0
3830.13,3.83,25,3,1,0,0,0
3827.82,3.82,42,9,0,0,0,0
3130.42,3.13,12,13,5,0,1,0
3188.01,3.19,17,19,5,2,0,0
2929.93,2.93,12,6,7,2,1,0
1714.87,1.71,4,3,5,1,8,1
3608.46,3.61,23,8,1,1,0,0
3543.35,3.54,16,7,0,0,1,0
3239.12,3.24,9,10,1,0,1,0
3697.6,3.7,19,3,0,0,1,1
3954.4,3.95,20,1,0,0,0,1
3634.12,3.63,24,14,0,0,0,0
3491.32,3.49,22,23,0,0,0,0
3906.55,3.9,65,4,0,1,0,0
2876.1,2.87,21,40,9,5,4,0
3180.29,3.18,16,8,0,1,3,0
3364.85,3.36,11,10,0,0,1,0
3477.84,3.48,16,2,1,1,1,0
3270.75,3.27,14,7,4,0,1,0
2783.47,2.78,7,8,4,4,0,0
2839.11,2.84,10,16,7,3,1,0
3074.79,3.07,5,19,3,0,0,0
3186.72,3.19,14,6,5,2,0,0
3084.2,3.08,7,14,2,0,1,0
3440.5,3.44,28,15,3,2,0,0
3334.92,3.33,15,4,4,0,1,0
3572.91,3.57,14,5,2,0,0,1
3136.94,3.14,4,17,1,0,0,0
3399.47,3.4,26,30,1,1,0,0
3578.53,3.58,15,11,0,0,0,0
3397.28,3.39,24,8,4,1,1,0
3270.75,3.27,14,8,2,1,1,0
3816.58,3.81,40,7,1,0,0,0
3410.39,3.41,12,8,1,1,0,0
3926.8,3.92,37,1,1,0,0,0
3983.88,3.98,47,1,0,0,0,0
3668.95,3.67,22,6,2,0,0,0
2545.7,2.54,10,33,16,2,7,0
2762.74,2.76,7,8,3,0,3,0
3044.52,3.04,9,10,2,0,2,0
3383.01,3.38,46,26,7,1,2,0
3013.35,3.01,24,53,19,2,0,1
2847.58,2.85,13,5,3,1,4,0
3873.72,3.87,41,4,1,0,0,0
3359.37,3.36,20,17,5,0,0,1
3085.55,3.08,18,31,10,0,1,0
3914.98,3.91,32,1,1,0,0,0
3610.28,3.61,15,7,1,0,0,0
3732.92,3.73,21,3,2,0,0,0
3254,3.24,127,103,27,7,7,1
3377.21,3.38,21,7,0,3,1,0
3215.57,3.21,31,23,9,1,2,0
3434.07,3.43,20,23,1,0,0,1
2837.85,2.84,13,30,13,5,0,0
3341.67,3.34,26,31,5,0,0,0
3397.2,3.39,23,10,3,1,1,1
3078,3.08,9,10,7,0,0,1
3308.85,3.31,10,14,2,0,0,0
3763.73,3.76,18,1,2,0,0,0
2966.26,2.97,5,18,6,0,0,0
3000.77,3,6,12,4,1,0,0
3809.2,3.81,27,3,0,1,0,1
3092.03,3.09,10,4,8,0,0,0
3084.29,3.08,8,12,3,0,1,0
3116.72,3.12,12,6,7,1,0,0
3347.94,3.35,17,6,0,1,2,0
3524.37,3.52,24,22,0,0,0,1
3430.38,3.43,17,8,2,0,1,0
3347.32,3.35,10,15,1,0,0,1
3486.16,3.48,22,6,0,2,1,0
3232.33,3.23,13,22,4,0,0,0
3668.63,3.67,19,3,1,1,0,1
3486.98,3.48,20,9,4,0,0,0
2905.33,2.9,4,11,6,0,0,0
3540.25,3.54,17,6,3,0,0,0
3441.51,3.44,14,9,1,1,0,0
3377.12,3.38,20,4,8,0,0,0
3656,3.65,21,3,1,0,1,0
3502.05,3.5,19,13,2,0,0,0
3481.42,3.48,13,11,1,0,0,0
3000.86,3,7,9,7,0,0,0
2937.22,2.92,103,127,62,16,11,0
3281.42,3.28,13,6,6,0,0,0
3241.33,3.24,12,11,0,0,2,0
3298.93,3.3,14,21,1,1,0,0
2561.84,2.56,36,37,19,19,11,0
3312.91,3.31,26,41,4,0,0,0
3392.9,3.39,25,12,1,1,2,0
3741.16,3.74,20,1,1,1,0,0
3126.14,3.13,10,10,1,3,0,0
3386.23,3.38,15,9,0,1,1,0
3228.3,3.23,9,10,2,1,0,0
3521.69,3.52,16,8,0,0,1,0
3046.75,3.05,12,2,6,1,1,0
3668.59,3.67,19,0,0,1,1,0
3972.94,3.96,82,3,0,0,0,0
3403.66,3.4,34,18,7,0,1,0
3830.04,3.83,24,5,0,0,0,0
3733.1,3.73,23,1,1,0,1,0
3766.42,3.76,32,5,0,0,1,0
3334.29,3.33,8,16,0,0,0,0
3308.29,3.31,29,22,6,1,1,1
3091.67,3.09,6,12,4,0,0,0
3836.99,3.83,36,5,1,0,0,0
3402.2,3.4,20,18,1,0,1,0
3521.42,3.52,13,12,0,0,0,0
3478.41,3.48,20,22,0,0,0,0
3462.02,3.46,33,39,0,0,0,0
3131.65,3.13,11,7,3,1,1,0
2969.4,2.97,15,10,0,2,4,0
2858.57,2.86,12,12,7,2,2,0
3477.2,3.48,20,19,1,0,0,0
3527.29,3.53,21,19,0,0,0,0
3490.01,3.49,20,21,0,0,0,0
3540.74,3.54,21,18,0,0,0,0
3426.93,3.43,17,23,0,0,0,0
3334.89,3.33,13,26,0,0,0,0
3452.02,3.45,18,22,0,0,0,0
3318.83,3.32,15,24,2,0,0,0
3928.73,3.93,37,3,0,0,0,0
3382.99,3.38,18,22,2,0,0,0
3502.31,3.5,21,21,0,0,0,0
3092.03,3.09,10,8,2,0,2,0
3143.88,3.14,9,6,6,0,0,0
3483.37,3.48,18,5,3,1,0,0
3895.23,3.89,33,4,0,0,0,0
3504.1,3.5,38,28,1,0,1,0
3456.04,3.45,14,5,2,1,0,1
3610.88,3.6,57,20,2,0,2,0
3641.32,3.64,23,13,0,0,0,0
3598.36,3.59,44,14,6,0,0,1
3395.01,3.39,26,19,6,0,0,0
3392.7,3.39,13,7,2,1,0,0
3268.23,3.27,14,14,0,0,2,0
2649.83,2.65,9,13,10,3,2,0
3543.44,3.54,17,4,2,1,0,0
2957.22,2.96,5,12,6,0,0,2
3873.89,3.87,29,1,0,1,0,0
3430.27,3.43,15,20,0,0,0,0
3885.57,3.88,32,0,2,0,0,0
3213.89,3.21,16,11,3,3,0,0
3407.58,3.41,20,12,5,0,0,0
3412.64,3.41,22,12,4,1,0,1
2172.68,2.17,10,8,5,2,10,0
3000.93,3,8,8,3,1,1,0
3622.87,3.62,21,6,1,1,0,0
3091.85,3.09,8,8,6,0,0,0
3869.49,3.87,28,0,2,0,0,0
3001.34,3,10,26,6,2,0,0
3937.65,3.93,43,1,1,0,0,0
3705.87,3.7,31,4,0,1,1,1
3095.91,3.1,5,13,3,0,0,1
3156.7,3.15,94,108,34,9,2,2
2834.71,2.83,12,7,6,4,1,0
3274.21,3.27,14,3,2,3,0,0
3094.79,3.09,8,19,5,0,0,0
2957.3,2.96,6,10,7,0,0,1
2667.51,2.67,6,11,10,3,0,0
3697.32,3.69,28,5,3,0,0,0
3098.35,3.1,14,10,4,2,1,1
3395.53,3.39,14,18,1,0,0,0
3547.11,3.55,16,3,2,1,0,0
3668.98,3.67,22,11,0,0,0,0
3566.63,3.57,13,10,0,0,0,1
3501.99,3.5,18,18,0,0,0,1
3042.37,3.04,5,17,1,0,1,1
3291.99,3.29,15,14,0,0,2,1
3783.93,3.78,26,5,1,0,0,2
3139.58,3.14,15,10,0,1,3,1
3287.25,3.29,14,12,0,0,2,0
3479.48,3.48,11,12,0,0,0,0
2905.78,2.9,9,5,4,2,1,0
3657.53,3.66,23,4,0,2,0,0
3001.03,3,9,6,6,0,1,0
2584.29,2.58,8,6,3,6,1,0
3459.92,3.46,15,5,4,0,0,0
3264.21,3.26,21,13,6,2,0,0
3459.83,3.46,14,9,0,0,1,0
3185.91,3.19,5,22,0,0,0,0
3441.23,3.44,20,19,2,0,0,0
3334.44,3.33,10,8,3,0,0,0
2667.66,2.67,7,14,11,4,0,0
3371.54,3.37,10,17,0,0,0,0
3401.47,3.4,13,16,1,0,0,0
3319.39,3.32,11,9,1,0,1,0
3334.6,3.33,11,14,2,0,0,1
3315.78,3.31,17,33,1,0,0,1
3273.85,3.27,10,9,2,1,0,0
2577.9,2.58,8,7,6,2,3,0
3744.59,3.74,26,4,0,0,1,0
3573.18,3.57,17,0,3,1,0,1
3364.54,3.36,21,37,0,0,0,0
3109.47,3.11,11,19,7,0,0,0
3183.03,3.18,11,5,5,1,0,0
2681.87,2.68,6,25,12,3,1,1
3491.23,3.49,27,10,6,0,0,0
3319.48,3.32,12,6,3,1,0,0
2864.32,2.86,5,10,6,1,0,1
3155.46,3.15,15,4,4,2,1,0
2864.13,2.86,3,13,6,0,0,0
3354.57,3.35,35,38,2,0,2,0
3864.5,3.86,40,1,1,1,0,0
3001.05,3,9,9,4,1,1,0
3479.84,3.48,15,6,1,0,1,0
3239.12,3.24,9,9,2,1,0,0
3201.83,3.2,17,7,2,3,1,0
3223.84,3.22,15,7,3,0,2,0
3743.18,3.74,24,1,1,0,1,1
3410.57,3.41,14,4,3,1,0,0
2961.42,2.96,13,5,3,1,3,0
3790.64,3.79,27,5,1,0,0,0
2404.93,2.4,2,22,16,7,0,2
3345.01,3.34,20,9,5,0,1,0
2949.01,2.95,14,12,10,0,2,0
3395.8,3.39,17,13,2,1,0,0
3669.06,3.67,23,4,3,0,0,2
3716.21,3.71,19,0,1,0,1,0
3157.74,3.16,13,13,4,2,0,0
3702.19,3.7,21,9,0,0,0,0
3065.73,3.06,10,15,5,0,1,0
3193.65,3.19,12,9,3,2,0,0
3446.06,3.44,15,10,1,1,0,0
3835.97,3.83,26,3,1,0,0,0
3309.3,3.31,15,5,5,1,0,0
3701.77,3.7,46,20,0,0,0,0
3392.88,3.39,15,4,2,2,0,0
3744.32,3.74,23,8,0,0,0,0
3384.49,3.38,20,11,1,0,2,0
3175.13,3.17,11,7,4,0,1,0
3081.15,3.08,10,12,0,1,2,0
3380.86,3.38,14,14,0,0,1,0
3705.86,3.7,21,4,2,0,0,0
3191.32,3.19,7,11,3,0,0,0
3609.04,3.61,18,9,1,0,0,0
3251.05,3.25,9,12,3,0,0,0
3585.37,3.58,20,1,1,1,1,0
3131.38,3.13,8,11,3,1,0,0
3239.21,3.24,10,8,2,0,1,0
3869.58,3.87,29,0,0,0,1,0
3462.88,3.46,12,14,0,0,0,0
3297.47,3.3,10,15,2,0,0,0
3712.07,3.71,23,7,1,0,0,1
3424.56,3.42,51,64,2,0,0,0
2962.79,2.96,11,6,7,1,1,0
3690.07,3.69,25,5,1,1,0,0
2783.45,2.78,12,23,18,0,2,0
2695.98,2.69,5,33,20,0,1,2
3486.63,3.48,16,17,0,0,0,1
3572.99,3.57,15,4,1,1,0,0
3537.43,3.54,16,11,1,0,0,0
3273.94,3.27,11,7,3,1,0,0
2360.71,2.36,5,10,2,5,3,1
2726.49,2.73,12,12,11,3,2,1
3323.15,3.32,16,5,7,0,0,0
3161.51,3.16,14,5,2,4,0,0
3408.19,3.41,18,9,5,0,0,0
3444.72,3.44,27,12,2,0,2,0
3334.74,3.33,13,8,1,2,0,0
2893.11,2.89,15,21,4,2,4,0
2984.84,2.98,20,23,9,3,2,1
3273.29,3.27,22,19,6,0,1,0
2909.58,2.91,3,16,2,0,1,0
3988.07,3.98,56,1,0,0,0,0
3584.84,3.58,14,10,0,0,0,1
3909.27,3.91,30,1,1,0,0,0
2617.63,2.61,46,87,43,20,15,1
3137.39,3.14,9,9,3,0,1,0
2810.62,2.8,61,50,51,17,4,2
2906.63,2.9,42,49,30,8,3,1
3096.17,3.1,8,10,1,1,1,0
3751.34,3.75,52,8,2,0,1,0
3579.07,3.58,21,2,1,1,1,0
3262.19,3.26,12,8,1,1,1,1
3260.7,3.26,13,8,6,0,0,0
3321.33,3.32,12,11,1,0,1,0
3084.21,3.08,7,14,2,0,1,1
3087.55,3.09,4,17,2,0,0,0
3456.48,3.45,19,0,0,0,3,0
3751.95,3.75,19,4,1,0,0,0
3543.17,3.54,14,9,1,0,0,0
2917.29,2.92,4,14,6,0,0,2
3334.62,3.33,12,5,3,1,0,0
3087.41,3.09,15,11,6,3,0,0
3189.18,3.19,15,11,4,1,1,1
3191.59,3.19,10,6,4,1,0,0
3531.55,3.53,20,12,2,0,0,0
3543.26,3.54,15,8,0,1,0,0
3144.7,3.14,15,27,6,1,0,0
2667.33,2.67,5,8,5,2,1,0
3326.28,3.32,23,44,1,0,0,0
3501.55,3.5,14,14,0,0,0,1
3238.12,3.24,10,27,1,0,0,0
3252.35,3.25,19,42,3,0,0,0
3201.07,3.2,9,12,4,0,0,1
3281.25,3.28,22,57,0,0,0,0
3552.65,3.55,25,12,3,0,0,0
3475.86,3.47,20,16,2,0,0,0
2136.76,2.14,2,8,6,3,3,0
3842.17,3.84,66,13,0,0,0,0
3304.71,3.3,15,13,5,0,0,0
3220.34,3.22,14,12,5,1,0,1
3668.56,3.67,18,9,0,0,0,0
3892.14,3.89,32,4,0,0,0,1
3095.07,3.09,11,16,3,1,1,1
3175.23,3.17,12,7,2,0,2,1
3137.75,3.14,13,4,2,1,2,0
2574.46,2.57,30,77,54,19,6,1
2888.15,2.88,30,71,29,7,1,1
3108.37,3.1,36,39,17,3,1,0
3627.14,3.62,53,17,2,1,1,1
3131.39,3.13,8,12,2,0,1,1
3452.94,3.45,59,33,10,0,1,0
3131.2,3.13,6,14,3,0,0,0
2934.89,2.93,14,7,5,1,3,0
3573.33,3.57,18,9,0,1,0,0
3874.59,3.87,57,2,0,2,0,0
3430.02,3.43,13,14,1,0,0,0
2943.84,2.94,7,21,6,0,1,0
3804.37,3.8,43,6,0,0,1,0
3563.16,3.56,61,29,7,0,0,0
3518.89,3.52,15,14,0,0,0,1
3450.01,3.45,16,10,3,0,0,0
3243.02,3.24,15,7,6,1,0,0
3599.84,3.59,89,30,5,0,3,1
3438.09,3.44,20,16,3,0,0,0
3282.56,3.28,11,19,2,0,0,0
3849.6,3.85,34,4,1,0,0,0
3000.74,3,5,19,3,1,0,1
3268.05,3.27,12,15,2,1,0,0
2853.91,2.85,7,18,6,3,0,0
3462.57,3.46,23,27,0,0,0,0
3890.4,3.89,40,3,1,0,0,0
3776.23,3.77,34,10,0,0,0,0
2563.28,2.56,5,13,10,3,1,1
3881.7,3.88,36,5,0,0,0,0
3895.25,3.89,33,4,0,0,0,2
3886.87,3.88,107,13,1,0,0,0
2715.13,2.71,7,6,4,3,1,0
3413.56,3.41,16,16,2,0,0,2
3365.41,3.36,16,13,4,0,0,0
2530.2,2.53,5,15,7,7,0,0
2984.27,2.98,34,37,25,4,1,0
2667.72,2.67,9,2,11,0,2,0
3125.96,3.13,8,12,3,1,0,0
3732.75,3.73,19,7,0,0,0,1
3877.15,3.88,21,3,0,0,0,2
2991.09,2.99,31,30,6,13,0,0
2778.77,2.78,22,18,20,4,3,0
3344.65,3.34,16,16,2,1,0,0
3635.43,3.63,20,9,1,0,0,0
3126.32,3.13,12,9,0,0,3,0
3191.68,3.19,11,6,2,1,1,0
3032.2,3.03,7,19,6,0,0,0
3266.67,3.26,18,8,7,1,0,0
3152.84,3.15,11,18,3,0,1,0
2738.98,2.73,34,98,33,18,5,0
3215.56,3.21,11,13,3,1,0,0
3399.71,3.4,25,38,0,0,0,0
3550.2,3.55,24,17,1,0,0,0
2918.05,2.92,10,28,8,0,2,0
3401.42,3.4,13,9,3,0,0,0
3262,3.26,10,10,2,1,0,0
3386.51,3.38,18,5,0,1,2,1
3543.63,3.54,19,3,0,0,2,1
3207.12,3.21,10,21,3,0,0,0
3163.61,3.16,12,19,6,0,0,0
3034.62,3.03,11,9,10,0,0,0
3450.1,3.45,17,9,2,1,0,0
3092.23,3.09,11,14,8,0,0,0
2929.39,2.93,6,16,5,0,1,0
2725.76,2.73,4,25,7,4,0,0
3523.32,3.52,15,5,3,0,0,0
3380.58,3.37,70,41,9,4,2,0
3489.46,3.49,21,16,2,0,0,0
3372.71,3.37,20,34,0,0,0,0
3435.91,3.43,10,13,0,0,0,0
3334.99,3.33,14,24,1,0,0,1
3177.98,3.18,13,14,7,0,0,0
3429.61,3.43,9,12,0,0,0,2
3771.3,3.77,20,6,0,0,0,1
3658.64,3.66,23,7,2,0,0,0
3232.02,3.23,11,12,1,2,0,0
3494.61,3.49,35,14,4,2,0,0
3598.18,3.6,28,11,3,0,0,0
3376.5,3.38,14,8,0,1,1,0
2967.27,2.97,13,30,15,0,0,0
3548.85,3.54,81,31,10,2,0,0
2680.61,2.68,4,13,5,2,1,0
2822.25,2.82,6,12,9,1,0,0
2364.49,2.36,7,3,7,1,4,0
3143.97,3.14,10,6,4,0,1,0
3626.86,3.63,18,3,3,0,0,0
3149.51,3.15,26,44,10,2,0,1
2934.35,2.93,8,14,7,0,1,0
3038.21,3.04,10,10,5,2,0,0
3302.26,3.3,61,57,8,4,2,0
3626.77,3.63,17,6,0,1,0,0
3091.76,3.09,7,10,5,0,0,0
3042.81,3.04,10,9,3,0,2,0
3144.36,3.14,12,24,6,0,0,0
3988.03,3.98,122,1,1,0,0,0
3077.15,3.07,37,59,28,0,0,0
3971.63,3.96,119,5,0,0,0,0
3393.02,3.39,52,69,2,1,0,0
2622.37,2.62,9,43,28,7,0,0
3182.44,3.18,42,64,16,2,0,0
3479.79,3.48,33,27,3,0,0,0
3585.01,3.58,16,6,2,0,0,0
3104.55,3.1,9,15,4,1,0,0
3794.09,3.79,45,12,0,0,0,0
3092.07,3.09,37,88,24,0,0,0
3311.99,3.31,26,21,7,1,0,1
3096.44,3.1,11,5,2,2,1,0
3553.9,3.55,21,5,2,0,1,0
2858.25,2.86,10,6,0,2,3,0
3177.71,3.18,10,22,1,0,1,0
3477.39,3.48,11,9,1,0,0,0
2872.09,2.87,9,12,7,3,0,0
3023.46,3.02,14,22,8,1,1,0
3183.03,3.18,11,7,2,1,1,0
3561.6,3.56,15,9,1,0,0,0
2880.02,2.88,10,12,8,3,0,0
3418.26,3.42,15,6,2,0,1,0
3540.43,3.54,19,3,3,1,0,0
3108.41,3.11,11,11,5,0,1,0
3453.37,3.45,16,13,2,0,0,1
3395.72,3.39,16,15,1,1,0,1
3371.9,3.37,14,10,2,1,0,0
3974.85,3.97,34,1,0,0,0,1
3459.11,3.46,18,15,2,0,0,0
3230.09,3.23,13,19,2,0,1,0
3356.32,3.35,13,17,0,1,0,0
3382.24,3.38,12,7,1,0,1,0
3554.91,3.55,21,17,0,0,0,1
3501.79,3.5,17,7,1,0,1,0
3521.6,3.52,15,8,2,0,0,0
3239.48,3.24,13,3,3,1,1,0
3239.03,3.24,8,11,1,1,0,0
3683.75,3.68,19,1,1,0,1,0
3349.42,3.35,22,24,2,0,1,1
2667.39,2.67,5,12,8,0,2,0
3270.32,3.27,9,15,2,0,0,2
2773.76,2.77,9,8,0,1,4,0
3334.88,3.33,14,11,0,1,1,2
3712.24,3.71,25,5,0,0,1,0
3251.27,3.25,11,13,4,0,0,0
3186.46,3.19,11,12,3,0,1,1
3602.37,3.6,23,5,0,1,1,0
3920.18,3.92,35,0,0,1,0,0
3820.51,3.82,41,7,1,0,0,0
3226.63,3.22,23,36,8,0,0,1
3501.54,3.5,14,14,0,0,0,0
3884.7,3.88,37,5,0,0,0,0
3321.42,3.32,13,8,3,1,0,0
2714.95,2.71,5,8,6,1,1,0
3207.39,3.21,13,15,6,0,0,0
3264.98,3.26,23,31,7,0,0,0
3191.68,3.19,11,5,4,0,1,0
3814.06,3.81,32,3,2,0,0,0
3418.47,3.42,16,19,1,0,0,0
3064.08,3.06,14,9,6,3,0,0
2834.11,2.83,6,9,8,1,0,0
3334.92,3.33,15,6,1,0,2,0
3078.31,3.07,35,50,20,2,1,1
3446.6,3.44,21,2,1,1,2,0
3926.31,3.92,47,4,0,0,0,0
3486.4,3.48,34,19,4,1,0,0
3503.18,3.5,30,14,3,0,1,0
3713.33,3.71,41,12,2,0,0,0
2589.48,2.59,8,23,13,5,2,1
3292.81,3.29,10,11,3,0,0,0
2591.67,2.59,6,7,4,4,1,0
3547.58,3.55,20,11,2,0,0,0
3564.8,3.56,22,7,2,1,0,0
2728.32,2.73,8,14,7,2,2,0
3543.08,3.54,13,11,0,0,0,0
2741.31,2.74,9,23,15,2,1,0
3296.24,3.29,52,56,16,0,0,0
2841.42,2.84,31,48,37,7,0,0
3168.42,3.16,51,44,25,3,0,0
3027.77,3.02,26,76,21,1,0,0
3445.92,3.44,63,51,9,0,0,0
3118.38,3.11,37,64,21,1,0,0
3142.95,3.14,39,63,20,1,0,0
3749.35,3.74,92,30,1,0,0,0
3134.37,3.13,34,71,18,0,0,0
3325.87,3.32,40,34,8,1,1,0
2747.77,2.74,27,26,26,9,2,0
2471.89,2.47,13,36,14,17,3,1
3277.5,3.28,15,7,7,0,0,0
3921.02,3.91,67,2,0,0,1,0
2511.63,2.51,9,47,34,11,1,0
3577.91,3.57,33,10,2,2,0,0
3392.61,3.39,12,9,1,1,0,0
3410.66,3.41,15,3,3,0,1,0
3682.14,3.68,21,1,2,1,0,0
3446.33,3.44,18,4,4,1,0,0
3143.79,3.14,8,9,3,1,0,0
3292.9,3.29,11,10,2,1,0,0
3732.53,3.73,27,10,0,0,0,0
3108.05,3.11,7,17,4,0,0,0
3589.94,3.59,28,17,1,0,0,0
3292.81,3.29,10,12,1,1,0,0
3484.4,3.48,15,13,1,0,0,0
3435.25,3.43,18,9,2,0,1,0
3925.37,3.92,60,1,0,0,1,0
3925.51,3.92,24,2,0,0,0,1
3638.02,3.64,16,4,2,0,0,0
3173.42,3.17,8,18,3,0,0,0
3305.75,3.3,13,4,6,0,0,0
3172.59,3.17,9,23,3,0,0,0
3325.13,3.32,14,19,0,0,1,0
3939.12,3.93,43,3,0,0,0,1
3706.13,3.7,24,0,1,2,0,0
3594.57,3.59,19,7,0,0,1,0
3978.75,3.97,69,2,0,0,0,0
3268.14,3.27,26,14,7,0,2,0
3349.14,3.35,12,8,2,1,0,0
2391.8,2.39,3,5,13,2,0,0
3270.66,3.27,13,7,6,0,0,0
2794.87,2.79,21,32,17,1,6,0
3001.16,3,9,18,7,1,0,0
2834.36,2.83,8,10,11,1,0,1
3119.43,3.12,16,12,2,2,2,0
2875.98,2.88,8,6,9,1,0,2
3243.02,3.24,15,10,2,0,2,0
2885.6,2.88,8,11,5,0,2,0
3867.5,3.86,38,6,0,0,0,0
3149.05,3.15,7,17,3,0,0,0
3334.26,3.33,8,12,1,0,0,0
3183.12,3.18,12,5,3,1,1,0
3643.67,3.64,25,14,0,0,0,0
3356.18,3.35,17,31,0,0,0,0
3434.3,3.43,32,29,4,0,0,0
3724.92,3.72,26,10,0,0,0,0
3868.12,3.86,32,5,0,0,0,1
3401.38,3.4,12,18,0,0,0,0
3860.19,3.86,30,5,0,0,0,0
3313.9,3.31,12,18,2,0,0,0
3001.35,3,12,7,5,2,1,0
3502.14,3.5,20,11,3,0,0,0
3087.82,3.09,7,14,0,1,1,0
3637.85,3.64,14,8,0,0,0,1
3309.08,3.3,46,41,15,0,0,0
2928.26,2.92,84,113,62,18,3,4
3973.13,3.97,59,2,0,0,0,0
3070.87,3.07,21,84,13,0,0,0
2663.28,2.66,12,54,52,0,0,0
3473.4,3.47,68,37,13,0,0,0
3994.67,3.98,116,2,0,0,0,0
2858.07,2.86,8,8,2,0,3,0
2719.14,2.72,14,17,8,2,5,3
3602.45,3.6,53,8,2,1,3,0
3039.98,3.04,14,6,2,1,3,0
3474.65,3.47,23,9,3,0,1,0
3382.08,3.38,10,9,2,0,0,2
3467.32,3.46,44,15,5,1,2,0
3315.41,3.31,27,13,5,2,1,0
3323.06,3.32,15,10,1,1,1,0
3518.88,3.52,15,14,0,0,0,0
3001.37,3,12,8,6,0,2,1
3835.38,3.83,20,4,0,0,0,1
3447.05,3.44,24,18,2,1,0,0
3132.08,3.13,42,51,23,2,0,0
3421.38,3.42,55,57,6,0,0,0
2784.32,2.78,18,63,32,6,0,0
