96343,3568.59
30119,3486.16
63266,3470.96
72275,3485.98
74270,3683.49
88098,3797
26547,3618.91
63274,3356.41
31245,3065.55
89754,3911.11
66339,3633.49
12125,2676.66
92518,3160.47
24962,3259.81
16138,3376.58
18962,3346.83
75808,3516.89
86186,3463.16
91676,3802.32
27211,3265.95
88964,3501.95
45509,3345.06
59831,3457.15
66870,3360.75
70116,3749.97
94166,3942.51
50026,3549.44
70291,3336.78
70334,3631.79
84570,3851.42
38141,3506.6
70461,3525.96
18783,3517.01
54851,3551.23
72917,3606.47
61781,3531.37
50380,3351.75
55880,3925.5
74861,3546.75
63352,3680.56
45953,3374.13
90805,3788.42
17657,3887.84
24752,3917.61
94891,3547.5
77080,3535.34
42067,3529.04
24318,3656.9
80305,3884.88
10998,3558.26
52339,3325.46
39931,3487.65
96682,2857.55
64718,3440.77
55114,3218.61
12291,3014.75
80045,2987.97
75804,2588.59
70833,2797.6
20702,3512.16
90604,3748.69
49249,3447.88
67641,3754.08
31356,3491.04
77914,3442.42
52008,2819.25
97794,2931.11
28106,3336.22
28534,2835.82
40032,2741.64
96566,3784.22
75756,3097.4
46181,3095.52
67796,3138.44
63656,2322.16
45838,2751.13
94386,3911.11
87090,2973.05
84892,3819.85
31649,3182.68
27765,2963.86
29634,3735.88
25251,3223.57
29100,3503.66
62328,3209.74
47694,3738.61
78319,3353.27
20650,2630.35
17914,3239.05
52727,3100.63
20354,3189.13
75651,3213.8
52094,3864.51
95141,3631.79
20749,3564.53
74050,3967
80651,3819.27
50711,3567.1
52812,3960.64
34044,3824.05
54616,3072.1
49475,3200.39
47050,2735.09
12242,2782.25
79790,3868.44
27147,3002.38
66946,3696.81
26315,3216.33
18786,3643.4
19021,2751.47
57246,3467.13
90154,3864.88
15550,3678.57
26376,3270.39
64734,3716.46
91530,3492.83
52402,2441.06
85385,3076.71
31518,3710.3
52245,3601.78
69558,3468.6
88519,3602.28
60810,3669.73
50789,3775.09
17168,3717.86
78455,3232.92
75204,3865.66
77502,3048.74
19844,3895.72
24480,3842.23
37463,3365.15
92222,3878.46
23694,3774.22
71400,3662.57
13795,3753.42
14448,3081.4
95849,3689.14
90943,3065.93
79639,1870.96
95990,3688.72
26498,2952.96
65670,3715.94
67942,2242.24
56133,3467.86
33416,3626.44
45375,2819.44
59942,3841
39285,2942.6
49001,3882.23
35997,3683.39
88450,3521.78
65140,3653.84
19797,3565.95
91022,3855.98
43631,3143.27
41330,3773.35
48533,3215.93
65393,3187.35
51282,3681.8
68584,3421.43
18649,3311.16
21913,3313.38
63619,3187.17
48382,3862.3
51330,3620.7
30153,3594.93
12555,3755.83
33111,3855.9
85035,3845.47
77857,3386.23
75479,3811.26
58725,3228.66
17532,3430.13
94851,3199.43
63543,2991.82
89896,3295.92
50425,3185.09
89446,3608.19
92438,3137.39
77677,2870.33
66189,2724.24
37344,3436.77
15678,3517.53
39649,3446.56
17696,3239.39
63050,3683.84
72587,3752.97
70253,3855.22
13770,3683.66
75546,3364.64
27608,3149.11
46128,2869.62
45824,2892.94
32844,3264.57
17834,3859.67
61585,3747.04
63548,3965.57
79891,3648.58
48544,3461.81
16411,3558.26
80702,3525.98
46028,2834.11
29831,3710.1
95952,3635.75
64377,3373.89
80611,3440.32
81758,3304.85
35640,3371.22
71399,3032.98
63784,3661.57
52018,3344.23
28027,3049.86
47239,3161.7
29763,3322.76
46085,3045.41
32315,3915.16
97414,3834.72
72620,3651.45
79871,3975.49
96389,3965.57
61397,3638.86
94559,3928.55
24886,3946.18
71344,3849.34
99024,3838.67
26701,3738.06
25893,3978.91
68522,3947.95
39396,3808.41
72366,3969.71
41060,3310.24
39040,3864.26
12289,3258.04
72850,3906.06
34621,3668.62
95820,3856.62
22059,3851.75
65709,3982.19
12031,3719.15
48123,3937.74
84049,3845.37
55542,3991.03
77622,3543.12
38579,3284.78
23494,3956.66
77269,3841.23
64759,3928.45
32718,3694.19
16927,3978.17
11913,3986.79
88495,3533.2
51004,3927.83
76088,3947.86
54882,3705.57
40732,3765.62
63359,3972.91
94326,3895.39
36752,3654.11
97870,3959.03
86204,3481.6
95510,3535.34
26543,3890.31
80971,3894.07
31983,3466.86
55431,3402.57
57505,3590.65
98408,3478.19
31198,3931.28
15710,3441.6
55399,3971.82
41027,3500.68
56936,3241.4
40207,3276.29
59276,3427.62
89801,3322.57
21907,3729.76
13921,3913.13
14758,3821.86
75984,3746.45
77968,3828.46
94401,3968.33
39822,3891.32
33772,3780.03
38160,3697.41
15654,3906.68
83080,3931.19
55456,3872.04
81236,3987.23
34543,3691.13
54559,3412.49
79078,3213.85
38693,3594.37
99703,2677.68
68984,3328.62
58589,3283.96
54304,3531.46
32941,3534.99
81558,3445.97
66504,3600.99
96148,2801.15
93144,3668.65
86244,3001.45
59058,3705.77
31142,3576.11
32686,3467.61
66547,3413.54
23866,3477.57
82073,3683.48
66333,3842.14
58792,3323.24
60073,2059.7
47126,3447.05
62650,3427.38
57909,3001.31
31015,3967.38
71921,3444.27
17907,3899.9
35713,3882.23
49373,3381.97
94037,3711.97
12487,3620.61
71685,3274.5
84830,2904.19
30052,3352.2
99787,2772.22
56251,3108.23
44227,2772.3
75065,3576.16
37631,2850.15
46570,2992.03
54221,2619.8
34734,3752.97
32171,3550.41
14806,3228.21
46438,3619.88
29804,3501.41
64297,3547.4
68918,2771.19
85132,2608.94
53140,3823.36
48542,2823.64
65934,3598.81
87339,2749.61
89255,3189.57
14484,3558.49
57737,2692
15536,2979.52
76347,3703.23
40661,2700.38
39345,3242.6
92794,2819.77
70826,2973.57
30970,2579.32
79692,3845.6
50437,1989.39
74343,3342.27
53574,3477.3
24908,3533.1
18198,3286.55
63329,3485.53
72313,3613.54
34104,3572.99
86873,3465.41
41018,3825.99
60605,3600.61
57649,3314.22
73478,3470.23
21984,3648.49
47855,3248.77
57952,3619.71
28909,3647.51
39170,3192.04
98361,3724.45
72746,3368.8
48093,3103.07
83418,3657.02
42718,3456.41
30868,3827.97
12646,3344.93
65503,3193.84
41729,3669.76
40538,3954.39
76031,3763
70663,3296.47
92805,3960.64
70143,3969.58
91213,3877.6
95629,3958.73
98878,3823.87
11517,3895.51
50814,3871.6
78157,3817.33
49801,3598.27
35723,3882.23
99771,3468.51
39062,3788.24
46259,3858.97
71333,3594.3
30492,3964.06
66745,3793.8
76171,3716.13
25210,3793.62
60512,3958.74
54226,3954.39
83602,3931.19
25791,3871.6
12649,3922.33
88677,3830.31
60163,1250.85
58865,3947.88
47660,3331.63
53451,3635.8
68921,3237.03
75854,3795.73
69399,3394.67
62612,3653.84
20805,3802.73
34600,3432.39
52470,3195.57
17971,3830.31
13510,2715.48
52640,3656.09
32387,3042.99
88613,3871.78
62906,3307.51
42988,3430.2
28228,3463.06
42929,3802.55
36944,3179.84
92422,2549.63
77791,3001.28
43148,2420.57
62058,3809.28
52257,3573.51
22371,3626.95
52078,3565.21
51632,2924.34
51318,3158.28
74095,3241.6
69632,3131.56
43290,3116.08
55889,3231.75
54252,2845.06
80052,3658.55
91857,3931.19
53208,3518.24
15736,3917.52
87782,3658.91
54626,3783.91
49520,3828.03
35433,3157.75
25284,3654.96
94839,2965.38
33230,3287.09
63758,3565.56
24442,2525.01
47463,3687.38
77557,3954.39
66680,3971.74
80473,3728
67478,3049.85
15688,3787.67
10258,3674.25
98328,3089.54
40653,3961.82
38441,3903.91
47666,3686.62
51602,3592.39
96831,3637.77
54414,3138.52
98734,3571.17
73938,3595
65705,3534.94
62646,3408.89
81970,2961.57
32933,3876.32
35108,3594.61
97771,3202.2
79096,3587.39
26549,3376.82
31784,3424.51
17677,3342.41
72078,3772.55
92011,3517.19
84677,3590.84
33656,3963.96
62656,3685.53
27220,3480.99
40710,3737.01
93070,3354.11
34380,3618.87
44659,3645.3
33065,2910.22
94496,2927.78
27135,3802.14
71963,3831.84
35392,3177.47
54175,3608.96
39986,3578.16
17950,3639.12
92248,3669.22
41657,3891.14
75892,3919.14
27674,3652.68
93243,3751.86
60667,3715.18
65377,3787.97
32170,3886.96
93401,3774.91
41756,3786.51
19917,3880.96
47635,3954.39
72251,3906.77
51967,3680.83
81504,3906.68
58718,3811.26
13977,3669.16
54369,3998.45
74054,3908.6
14292,3903.19
10079,3523.59
50090,3536.91
67315,3802.14
25743,3218.79
24527,3911.11
62843,2566.23
63269,3722.05
47747,3848.48
41418,3740.98
55960,3911.11
65041,3716.86
31552,3774.57
55133,3697.5
51926,3527.57
78308,3088
10759,3710.28
82993,2988.57
94406,2892.95
45197,3377.56
29605,3484.76
20411,2962.83
52777,2995.95
70700,3460.29
93743,2996.31
58557,3631.54
79163,2591.66
41575,3658.82
53522,2524.09
44506,3048.55
97960,2824.56
77755,2661.77
49770,3001.84
33898,3201.38
37873,3740.98
16252,3203.95
82076,2939.33
56094,3319.04
86443,3752.48
87564,3740.98
49569,2863.18
81832,2923.44
67083,3582.94
84582,3601.78
84199,2964.53
13383,3081.33
98604,3163.36
83998,3826.48
96522,3308.28
57208,3287.16
17248,3319.56
20205,3343.85
63977,3677.11
39113,3915.25
81223,3649.65
91710,3831.53
71669,3966.57
91906,3849.52
77729,3756.85
20038,3851.61
15653,3395.83
15554,3328.53
72490,2880.2
41137,2429.41
48708,2914.17
99838,3305.07
11791,3326.76
29283,2967.09
58627,3084.47
79508,3789.33
67000,3765.2
83492,3257.86
68991,2592.32
91945,3716.95
11607,3001.82
56420,3145.09
32454,2655.28
37309,3406.62
60753,3681.13
95774,3770.93
96525,3295.9
41201,3591.2
23257,3712.07
38213,3238.95
81847,3446.42
39819,3537.85
96156,3344.47
85760,3426.66
62977,3811.26
17611,3877.13
61727,3467.44
64705,3613.45
71673,3976.58
87435,3477.57
37023,3552
57011,3762.32
92668,3579.16
53212,3882.23
75906,3161.43
64221,3527.2
81957,3788.33
75084,3915.16
63574,3917.52
53866,3694.39
97575,3716.21
97070,3859.68
83595,3828.12
28368,3956.67
92880,3952.8
17223,3858.97
26449,2451.55
92332,3964.05
60284,3365.12
36495,3759.3
57034,3954.39
29778,3384.69
92842,3394.95
66638,3848.39
55662,3936.24
59229,3960.64
40985,3588.4
45219,3572.81
43387,3175.67
78145,3958.73
60461,3112.46
50621,3965.57
38190,3345.87
83213,3104.91
99333,3424.88
64282,3450.37
78878,3936.16
98630,3521.96
23132,3891.41
45229,2705.33
91499,3864.61
36885,3784.46
32520,3638.38
27108,3871.6
48239,3477.75
32038,2810
23439,3868.2
57714,3826
58835,3805.33
75505,3828.03
49771,3958.73
71025,3628.33
34481,3835.37
34333,3968.33
88494,3995.66
51732,3969.72
94228,3988.47
51987,3886.95
97339,3964.05
42269,3817.53
93899,3804.46
71631,3969.58
94945,3717.91
82346,3035.08
77487,3251.9
11904,3436.54
83512,3687.84
80981,3864.36
31067,3780.12
55207,3900.18
83967,3752.53
71028,3887.04
19202,3753.1
58482,3041.76
13607,3771.02
36210,3656.37
73844,3337.92
66492,3193.74
36268,2928.59
30651,3444.34
15746,3664.15
34972,3335.19
50908,3774.48
18365,3705.68
42073,3456.03
97088,3886.95
20500,3953.99
24271,3735.27
32814,3741.16
31987,3874.5
66938,3537.83
84051,3659.56
88693,3415.25
81198,3480.36
11262,3622.87
87714,3697.41
50305,3732.74
31064,3804.43
50065,3645.1
58601,3736.39
78252,3865.57
57899,3477.31
20031,3568.02
19788,3610.19
63929,3947.49
65644,3573.51
34962,3513.59
62996,3597.87
52804,3191.95
36024,3962.41
65310,3786.85
79993,3724.85
60197,3641.74
41202,3738.06
80208,3902.91
56500,3931.19
89563,3986.79
98937,3837.59
32005,3741.59
28604,3410.4
83273,3906.68
50241,3639.03
43289,3968.33
61657,3900
75895,3946.18
89534,3147.66
76429,3823.78
71684,3820.54
99978,3268.23
57299,3604.98
75597,3581.1
29291,3831.63
24326,3352.93
15242,3911.11
41303,3309.39
96071,3933.75
44789,3722.14
33943,3438.81
37428,3289.05
63509,3525.28
27537,2914.18
93018,3680.83
40752,3854.2
74388,3886.95
44842,3228.93
93771,3504.96
82988,3218.79
16698,3493.71
33363,3968.18
74353,3543.44
55309,3816
20039,3034.98
14925,3401.69
87414,3788.24
75386,3144.4
74529,2348.51
69799,3553.72
10265,3514.35
66912,3858.53
32208,3985.4
62485,3387.97
97532,3816.94
81639,3706.82
80950,3416.29
19993,3001.89
26308,3407.17
13905,3824.46
70861,3627.04
82624,3690.38
33817,3955.14
57670,3791.21
33193,3954.39
27252,3774.48
97564,3784.73
16041,3380.91
91745,3131.83
73102,3453.81
37994,3523.41
73308,3566.89
36772,3841.54
90037,3956.4
93647,3694.28
59475,2801.3
91389,3697.59
89333,3306.91
78817,3354.06
87289,3685.95
80479,3803.87
16966,3729.03
93704,3598.54
41772,3694.37
62101,3078.53
19389,3293.08
87073,3365.49
82253,3435.26
81391,3602.87
11815,3761.16
71410,3795.46
86901,3733.01
36973,3592.57
78997,3956.67
90578,3661.51
19750,3599.18
19863,3556.12
88512,2980.49
29974,3143.05
50238,3668.71
44877,3109.16
46541,3774.48
79182,3088.88
65233,3548.39
74534,2607.19
26147,3899.24
47134,3580.66
13565,3906.68
65465,3454.92
28061,3537.52
49764,3653.84
93062,3820.02
37321,3944.41
43961,2761.19
50162,3307.23
60072,3672.55
74174,3478.5
52253,3410.84
51236,3472.64
91503,3679.89
78426,3841.27
36353,3869.31
40860,3918.89
49352,3928.54
87218,3791.2
25470,3606.66
49539,3902.82
27731,3823.87
71330,3228.57
67881,3744.86
50559,3555.53
22406,3384.38
26594,3522.05
46720,3905.55
62648,3776.68
72824,3871.78
87796,3668.41
58255,3457.85
95125,3588.21
66643,3681.96
35081,3152.56
92669,3549.78
25567,3823.96
16766,3958.73
82867,3774.75
97344,3392.79
39954,3585.1
90874,3358.77
71239,3922.32
62638,3971.82
15332,3835.64
33451,3815.52
29868,3957.7
40172,3958.73
94970,3776.93
50321,3954.39
44408,3722.23
93605,3871.6
26012,3975.73
95675,3999.71
55407,3960.64
91920,3977.21
49634,3809.01
81608,3610.19
39711,3964.82
65203,3911.11
13704,3922.32
20144,3915.16
34371,3763.64
42925,3971.14
37934,3960.64
97769,3828.3
93050,3918.89
94722,3802.32
31538,3906.77
52466,3469.37
84928,3954.39
33679,2573.36
43390,3662.5
13241,3329.93
56110,3407.23
42109,3477.38
94676,3394.76
12159,3502.36
73529,3763.55
59833,3654.02
34054,3851.33
58870,3936.15
91357,3820.11
94965,3585.28
45309,3728.55
57646,3899.27
19906,3321.87
17192,3793.81
97510,3851.42
16907,3540.69
87039,3442.83
93551,3426.28
47663,3111.65
11255,3469.83
52071,3949.47
16717,2256.05
35871,3534.84
76007,3327.44
62182,3818.17
25781,3666.25
92990,3503.59
34223,3704.28
91318,3359.03
69528,3282.65
40783,3079.03
66236,3708.56
31598,3620.61
72226,3702.28
44578,3847.7
41690,3333.14
77222,3477.84
41899,3678.93
18423,3865.57
44063,3627.3
50877,3641.69
21113,2348.42
42744,3620.79
17704,2453.25
12640,3715.85
60259,3525.19
84499,3792.46
67363,3962.41
81390,3763.82
33328,3393.06
99837,3915.16
60221,3155.46
98710,3795.76
16196,2957.11
69250,3582.58
60420,3216.61
35292,3121.24
57409,3116.34
55236,3136.26
66099,3414.57
59849,3325.86
61454,3213.35
12447,3031.26
38921,3408.94
90517,3281.76
54552,3389.97
70352,3179.4
46106,3273.58
88760,3324.86
22932,3268.29
28391,3218.16
64961,3319.88
15780,3429.59
43612,3387.23
43629,3501.43
79914,3341.17
81422,3429.59
77684,3414.25
80915,3319.03
22042,3137.21
25579,3415.34
56095,3379.47
15539,3636.18
91103,3654.54
42099,3841.06
77924,3577.83
28384,3708.74
20069,1423.43
15191,3783.82
91168,3865.66
33587,3735.61
72157,3922.44
38334,3958.73
46019,3525.28
28693,3802.05
80358,3820.02
55678,3668.77
70651,3641.69
17311,3717.5
39470,3963.9
65953,3954.39
39494,3668.44
44269,3813.88
90628,3700.89
78879,3943.41
64022,3566.71
73276,3694.28
78337,3486.07
94063,3457.13
16030,2552.94
67070,3482.07
30003,3638.77
12416,2866.49
63415,3002.38
90081,2959.47
27964,3881.82
20051,3668.72
58463,3359.31
73585,3679.24
14018,3620.15
94693,2572.55
28621,3968.33
53358,3670.84
66461,3762.24
74585,2951.1
59786,3395.03
69834,3691.93
69610,3535.52
19894,3752.44
22084,3840.97
90765,3556.81
35844,3525.28
56617,3587.22
38149,3982.77
46370,3265.35
90124,3602.74
62986,3794.63
73908,3653.01
66997,3326.5
27036,3347.4
98377,3516.22
91858,2971.11
23276,2209.11
60311,2631.1
44714,2938.93
46852,3334.14
78777,3148.22
64866,2700.34
80378,2636.94
84375,2985.08
95165,3882.32
11329,2609.74
96609,2898.23
49859,2718.51
63071,3090.62
36415,2638.32
49317,3044.96
26183,3492.37
65740,3190.45
75978,3003.83
80414,3063.07
46029,3573.33
49290,3968.33
18562,2940.89
55459,2601.7
15007,3120.41
32514,3681.96
60914,3697.32
64831,3710.1
50106,3260.52
30073,3209.47
52175,2819.4
71732,3218.52
19846,3547.02
82028,2696.69
35287,3131.74
87966,3732.74
96937,3592.3
35873,4024.25
90894,3969.35
12223,3966.79
73437,4058.04
71064,4054.86
23752,3899.1
30858,3353.4
48403,3286.74
76051,2826.86
61635,3911.2
51174,3830.31
58052,3165.3
37809,2552.55
46742,3381.97
57203,3292.99
88415,3626.86
93872,3527.81
89601,3459.74
37986,2377.86
20493,3000.75
66860,2954.62
75475,3284.18
28355,3771.56
47914,3394.6
11511,3728.93
93271,3873.12
82214,3025.97
37092,3880.61
64216,3784.46
76946,3446.69
88321,3468.63
79876,3494.74
45046,3871.6
99409,3733.1
58570,3925.16
78713,3899.18
72285,3730.51
58934,3430.65
78768,2815.21
74303,2840.39
29463,3106.84
18060,3126.61
11921,3902
55753,3286.18
44881,3693.61
24999,3669.58
34015,3283.1
63234,3572.29
93652,3649.92
47547,3573.58
22293,3781.74
43138,3906.68
72223,3954.61
19482,2767.53
46041,3938.4
85735,3668.34
75413,3149.14
89477,3693.6
69866,3592.97
55326,3525.69
65938,3727.73
82504,3931.28
39480,3045.27
52904,3165.11
16448,3597.12
63738,3429.6
79977,3298.55
91307,3697.41
74056,3503.72
24969,3459.42
86621,3481.88
62872,3380.77
27369,3463.55
43500,3668.23
58120,3949.53
89600,3899.25
56018,3048.55
13561,3514.45
92411,3327.58
85800,3258.33
62692,3877.94
30212,3316.35
44942,3751.86
63257,3745.64
17667,3668.44
75747,3859.69
19452,3950.99
98880,3972.95
55840,3985.88
88605,3854.46
71251,3183.3
54862,3691.93
56255,3321.42
54773,2667.24
23004,3544.49
41336,3144.11
54142,3568.57
31693,2904.53
23009,3435.07
91529,3251.67
45439,3592.31
14668,3695.51
45981,3486.61
39422,2425.94
83833,2322.1
95769,3263.95
46332,3816.49
49903,3390.27
40282,3514.08
15241,2961.67
43954,3243.02
91425,3251.89
15055,3468.1
85409,2858.64
52496,3317.8
61162,3956.66
52255,3477.66
30151,2946.03
22663,2130.76
56856,2568.64
48468,3156.81
32932,2752.16
16012,3052.56
94232,3349.96
86566,3208.72
30456,2653.41
70483,3481.87
82189,3722.14
51085,3491.98
14226,2714.9
59694,3047.24
45496,3181.91
30844,2940.05
38409,2878.37
29266,3056.08
32916,3229.45
42679,3072.89
13121,2869.8
96977,3096.09
56737,3245.05
32851,3251.37
60206,3193.64
15422,3581.41
54803,2972.97
81518,2970.8
17164,3282.83
55047,3543.09
86302,3841.18
69700,3977.39
62395,3958.73
92522,3622.18
16878,3625.89
81470,3210.52
99088,3775.69
58930,2792.63
90696,3071.29
53399,3135.24
75658,3387.09
24653,3533.09
79728,3087.86
90192,3612.37
66113,2502.4
76310,2701.49
55469,3378.87
57715,3449.31
68682,3676.39
22043,3059.21
85050,3056.56
31134,2918.95
74443,2942.84
69203,3443.18
42731,2777.71
63103,3741.63
15999,3137.31
64647,3784.64
78569,3202.08
91578,3622.36
85108,3309
46218,2659.99
39661,3162.09
63389,3453.68
86902,3324.68
41649,2845.47
73429,3287.87
14403,3763.4
99411,3233.24
69975,3733.13
83395,3452.21
82173,3320.97
75596,2981.77
75434,3335.46
17469,3602.55
91098,3271.54
97884,3415.88
63878,3266.49
88723,3865.57
60083,3566.8
25192,3706.51
81673,3123.16
28680,3403.03
12685,3088.27
62465,3473.36
37111,3490.68
73089,3187.18
79780,3110.46
92705,2629.51
84315,3361.6
80212,3213.47
84714,3118.52
21500,3743.88
39641,3726.59
21598,3609.13
50958,3470.03
54058,3503.03
80591,2622.15
45371,3815.6
12269,3925.5
94738,3716.98
27215,3711.97
22007,3523.68
25340,3384.18
69081,3424.97
86015,3778.16
12619,3463.14
24964,2607.64
88339,3241.51
86360,2649.65
39733,3564.89
61681,3474.35
96509,3468.18
89381,3322.6
60574,3550.52
21944,3825.53
79864,3292.43
29386,2826.08
52845,3233.45
90767,3265.25
28983,3677.24
97763,3683.11
33010,3654.83
66886,3538.39
13284,3310.1
69385,3002.24
97072,3337.74
50415,3773.43
98052,3215.74
91519,3907.97
33858,3799.66
72999,3686.89
13975,3604.61
55228,3805.1
40798,3528.32
20474,3942.63
19170,3410.39
69285,3836.15
22205,3891.51
28021,3003.58
73718,3148.94
56569,3309.48
80062,3485.31
87823,3206.25
26696,3697.41
92981,3343.15
37295,3710.88
39223,3962.41
95703,3493.94
48842,3364.94
63560,3694.45
31375,2667.54
18897,3955.9
62806,3058.87
63525,3322.61
18406,3698.05
29524,3048.82
48263,3891.71
77646,3909.18
87071,3493.12
52947,3887.66
32244,3790.55
75453,3841.45
86905,3958.73
96182,3841
66829,3954.39
41329,3828.03
92885,3899.19
29925,3447.68
73055,3424.94
82790,3734.98
80582,3202.25
23085,3830.31
67318,3097.82
21272,3316.54
73821,3183.03
99815,3170.63
50284,3041.15
85405,3841.89
44834,3513.11
79045,3390.95
98290,3525.43
96798,3184.04
16917,2207.91
76509,3857.93
27256,3696.7
28321,3445.88
99587,3535.34
39282,3450.28
69086,3772.68
44883,3618.21
96239,3886.96
22806,3854.28
40578,3654.29
26719,3969.58
34300,3967
40423,3588.66
64828,3830.31
15163,3501.82
87886,3553.81
25409,3938.4
55138,3918.98
50936,3954.39
72961,3967
85500,3585.19
31419,3771.47
34926,3906.68
44988,3737.41
59928,3752.13
99103,3832.02
61466,3779.06
19091,3823.78
88951,3680.65
90544,3655.73
54119,3915.25
72706,3965.57
35881,3886.95
38925,3762.23
53958,3384.58
20741,3601.18
11621,3674.25
44668,3347.11
80345,3526.5
13232,3769.51
21690,3162.95
74335,3401.7
14217,3099.8
75496,3416.51
85761,3518.42
52039,3578.17
43863,3546.8
30790,3001.61
19684,3094.25
63346,3681.87
53206,3228.84
75469,3590.47
50027,3391.67
41685,3716.14
22587,3624.24
26636,3342.9
11099,3426.1
17251,3933.75
92042,3884.55
32305,3564.71
94485,3526.84
28415,3809.84
17088,3194.89
44054,2891.25
91076,2992.8
55626,2663.65
87000,2986.56
32181,3763.55
95603,2793.96
67820,3590.71
85595,3557.45
43362,3668.72
63663,3808.62
91327,3620.7
74511,3906.18
10806,3602.92
21257,3906.7
31273,3944.4
28991,3588.66
36910,3692.58
26814,3906.06
55492,3703.28
36161,3620.97
68418,3954.39
65729,2736.71
10927,3363.7
65816,2618.82
44077,2297.57
57390,3561.87
32540,3102.11
33694,3626.5
64789,3485.4
64709,3381.31
94716,3270.66
67266,3149.09
46273,3117.08
76156,3304.98
35171,2601.43
74010,3284.6
24219,3722.14
80290,3287.52
51356,3703.01
52195,3968.33
31942,3881.73
72787,3740.98
49366,3915.52
64163,2775.14
90542,3080.3
85974,2897.51
95345,2722.42
52110,2578.33
41557,2388.97
60860,2696.32
79389,3130.69
36366,3889.12
32122,3642.14
11668,3232.02
31959,3088.09
66176,3977.39
32623,3622.78
32862,3859.58
12783,3650.95
12986,3366.39
96855,3717.38
58685,3787.82
22260,3721.69
16216,3688.32
14677,3657.26
95184,3546.75
25373,3823.96
51549,3871.86
67167,3726.32
24745,3798.15
88088,3941.32
61707,3363.73
94284,3490.28
63124,3264.03
86266,3818.26
19735,3362.89
25017,3002.16
68975,3688.22
67065,3287.95
14782,3774.57
70045,3844.82
45885,3084.38
92849,3109.95
90381,3530.12
36893,3329.98
36905,3388.86
17593,3319.13
15231,3274.5
17589,2601.02
41579,3647.27
95791,3629.08
66479,3969.58
18817,3969.58
45476,3967
83859,3763.55
35501,3854.37
64577,2729.46
72222,3492.58
74044,3474.92
56181,2944.11
51339,3595.78
78031,3281.24
90828,3752.26
15694,3859.06
75701,2477.03
48737,3321.6
69837,3940.52
67790,3969.58
64543,3116.63
29322,3237.34
39246,3121.42
88570,3568.5
57686,3918.89
85952,3780.12
53684,3767.82
54769,3314.62
63044,2906.47
20505,3253.61
60642,3100.27
84542,3757.69
24285,3212.26
97603,3668.44
59379,3624.42
50737,3168.5
80986,2324.41
84145,2964.22
12326,3873.71
26683,3697.59
41286,2761.24
21333,3463.33
48996,3361.25
34467,3517.82
47046,3680.41
29210,2791.59
62388,3258.61
85719,3436.09
91505,3207.66
43688,3338.34
47893,3798.78
64890,3463.02
99433,3870.81
26078,3833.01
14701,3918.89
85036,3835.46
29791,3626.95
15123,3865.66
99707,3798.45
90886,3144.24
21529,3578.3
73918,3784.55
85672,3409.99
78025,3605.9
34997,3335.19
41357,3297.96
92321,3187.47
83675,3168.32
53753,3355.21
71324,3402.15
60117,3217.14
46579,3758.7
88043,3075.56
22971,3418.17
34602,3239.48
27345,3858.97
95582,3436.54
83344,3975.73
77009,3909.18
62040,3824.05
68247,3908.89
47599,3965.7
20000,3976.76
28305,3969.58
86243,3796.98
85742,3768.42
11675,3862.02
27460,3858.61
98731,3521.51
40917,3660.94
10733,3981.58
99040,3655.91
60233,3849.51
10183,3683.39
24121,3715.85
47823,3939.2
89539,3729.76
47794,3895.39
97196,3956.66
13364,3808.5
70987,3683.2
56381,3820.2
72023,3000.96
58997,3204.82
58254,3355.9
84318,3605.75
41497,3257.53
13222,3859.42
90132,3848.48
57525,3668.14
27856,3728.19
88711,3305.18
52478,3560.87
76555,2306.37
95065,3988.47
76684,3453.72
82252,3962.41
28649,3815.16
47026,3501.21
98568,3520.05
45802,3973.9
72896,3309.07
42100,3612.87
22401,3479.66
29638,3767.84
67885,3727.2
60144,2783.4
71738,3593.79
43719,3756.4
11863,2514.95
22040,3001.02
17058,2983.81
17234,3854.28
55393,3535.16
21727,3877.13
99670,3882
86880,3325.88
86507,3583.3
40731,3446.15
88120,3741.16
97645,3965.57
58365,3774.66
67097,3877.13
26089,3809.93
69411,3969.58
78836,3726.86
66128,3891.32
16026,3992.37
87883,3891.32
57030,3922.35
17309,3669.29
77689,3564.36
89772,2305.21
53233,3869.49
45599,2810.63
54630,3335.34
86022,3591.19
35764,3780.84
26658,3867.59
77987,2522.6
48844,3173.4
71120,2394.63
81629,2679.93
82463,3479.93
77875,3871.6
55410,3940.52
21482,3346.83
84107,3421.37
53089,3751.86
97445,3611.13
14843,3700.06
38127,3465.12
51217,2656.27
94996,3697.41
68881,3834.04
28438,3495.68
95512,3583.53
28932,3898.19
89118,3809.09
21930,3502.48
82003,3553.5
95424,3913.54
31118,3592.04
65542,3844.37
49629,3732.65
99669,3515.11
49519,3033.65
29432,3456.21
33174,3685.41
95881,3668.53
62837,3704.19
96113,3633.68
75733,3751.07
72905,3316.11
20166,3631.43
41424,3691.75
90408,3809.19
49555,3960.64
50689,3635.34
90941,3810.11
81096,3288.39
42271,3853.33
20707,3309.3
88886,3968.33
25761,2721.06
55277,3925.18
13174,3479.93
39524,2765.59
52226,3596.05
93238,3390.24
19723,3928.45
41081,3516.04
96446,3859.58
16413,3682.05
15201,3394.67
62140,3521.94
33290,3668.62
48313,3721.87
54699,3516.4
10554,3972.91
99829,3133.76
45858,3933.84
33083,3925.5
94848,3502.19
81109,2595.5
52032,3721.02
97026,3056.99
38129,3365.53
48436,3882.88
61038,3568.5
89538,3135.31
24489,3099.86
40159,3954.39
75960,3410.21
97001,3482.92
34947,3858.08
98912,3793.62
28695,3974.84
93686,3121.42
37574,3309.3
53699,3430.74
28830,3382.33
72295,3820.2
97199,3968.33
90969,3752.35
11083,3410.48
45841,3809.84
78146,3001.2
15876,3585.1
25623,3450.28
26941,3682.05
83185,2500.94
88230,3319.57
18643,3523.41
70139,3892.4
89319,3969.71
45154,3738.33
64396,3716.55
25804,3936.32
56056,3725.37
36245,3983.33
79719,3980.19
36546,3971.86
56197,3965.57
51225,3948.52
11071,3401.65
66114,3620.61
69115,3983.63
90099,3871.77
44061,3965.7
80809,3614.08
66538,3713.78
85812,3630.9
25479,3553.63
73384,3309.25
30826,3349.5
29405,3859.67
77828,3842.14
19456,3898.05
85757,3769.4
27670,3702.15
66354,3694.46
36408,3310.95
19806,3566.98
23309,3355
78581,3954.39
24797,3980.3
91926,3207.33
77586,3348.03
26338,3620.61
52261,3761.96
59830,3742.9
45488,3858.97
80292,3771.56
39923,3469.27
30772,3656.72
83377,2802.53
46980,3001.43
11299,3635.61
74829,3891.32
99149,3960.64
28337,3871.6
93705,3001.12
40680,3956.66
34891,3088.72
23732,2240.7
92161,3218.79
23889,3779.94
82032,3891.5
75798,3809.93
47688,3882.23
19008,3601.69
10955,3641.78
86765,3607.71
36254,3873.9
11408,3670.33
91960,3864.32
51635,3247.91
80493,2854.27
84639,3131.83
86917,3477.57
75312,2591.48
96322,3487.34
69078,3390.87
60322,3859.33
37433,2808.31
45448,3161.51
17728,3305.25
38789,3627.83
21282,3917.52
88651,3553.72
16375,3191.5
40583,3046.3
45189,3417.9
41562,3144.42
16247,3446.24
37651,3463.15
86439,3797.07
22951,3251.45
49164,3209.98
37680,3485.21
45500,3655.82
53488,3457.96
45826,3525.37
79090,3913.4
32840,3969.58
27840,3936.15
63466,3967.38
46582,3108.48
91627,2947.86
80192,3459.83
52769,3767.65
22094,3427.27
87329,3507.3
78869,2906.01
31889,3800.38
91787,3568.95
59592,3374.77
90561,3919.96
53874,3830.24
57143,3908.6
92091,3678.97
49863,2924.24
28071,3592.79
60748,3722.17
55194,3238.94
81299,3622.06
14029,3146.1
64573,3592.39
91113,3835.55
33856,3937.09
87914,3954.39
70755,3728.19
41563,3705.95
28016,3428.26
51403,3802.46
94878,3771.38
67917,3750.76
35286,3566.98
71755,3763.55
33861,3751.86
20229,3763.82
32446,3858.97
53708,3668.71
80554,3848.66
14996,3195.39
26104,2972.55
71350,3865.57
54280,3572.99
36360,3694.46
66889,3864.61
16868,3357.26
36607,3677.79
45164,3891.41
89799,3858.97
87043,3658.64
78739,2666.15
12746,3271.12
95319,3041.33
98191,3615.05
74673,3243.74
49312,3075.96
33406,3132.01
38601,3627.04
61309,3971.82
30181,3038.3
96951,3143.77
83358,3474.11
53357,3380.28
57575,3286.91
26654,3326.57
11087,3356.49
62155,3434.8
47727,3455.76
29064,3364.58
17767,3525.01
22889,3668.71
65701,3958.73
27105,3864.26
70247,3925.59
18139,3762.23
94388,3574.03
10237,3784.55
25775,3953.82
99282,2913.18
30279,3463.51
47108,3694.28
44032,3529.28
40400,2972.28
61751,3848.48
31663,3026.39
14687,3918.89
79848,3125.94
16042,2870.61
99305,2227.85
33356,3001.02
11560,3472.64
10255,3001.23
51121,3201.6
37041,3906.68
85605,3990.7
66832,3644.08
40713,4013.5
93172,3829.83
56244,3211.38
25058,2965.47
66403,2334.17
93380,3365.03
26284,3332.28
45436,3334.53
56266,3922.74
83294,3804.92
20531,3519.6
13235,3545.19
53749,2500.93
50701,3982.19
81243,3530.38
54804,3077.26
90432,3548.88
18985,2311.35
53891,3915.16
76852,3645.98
46810,3784.55
14784,3366.89
44192,3970.75
15356,3332.96
75578,2926.56
58142,3755
87637,3135.15
16967,3169.26
57407,2957.65
85168,3437.31
21523,3364.85
12917,3137.39
69229,3201.65
73191,3742.9
99488,3610.19
35422,3615.1
65016,3971.86
98418,3501.39
98535,3533.53
16593,3636.81
29065,3820.11
56089,3653.93
68571,3416.33
59838,3865.57
61773,3479.84
33134,3746.95
24432,3972.91
13772,3671.35
37924,3482.71
73327,3001.75
20418,2952.8
58619,3644.85
97466,3787.03
54945,3830.05
67323,3721.87
55123,3455.73
78798,2337.38
40924,3809.1
71967,3325.41
85949,3722.17
54543,3502.43
21513,3641.41
69226,3501.57
29596,3415.29
79837,3657.27
39433,2762.68
26563,3774.48
56795,3233.41
53105,3743.08
67530,3430.47
31062,2917.99
69422,3620.43
49347,3573.33
88936,3864.61
48957,3970.75
61902,3774.21
45912,3277.95
19720,3320.5
67662,3809.37
55115,3079.8
30789,3115.63
14047,3127.37
80306,3816.99
52801,3401.24
43379,2870.51
71837,3978.17
92761,3526.15
20468,3345.99
57782,3676.94
28913,3355.33
63175,3465.95
66799,3836.15
68576,3710.6
19668,3715.84
44000,2998.75
17556,3105.61
19100,3329.45
62210,3555.44
76531,3906.77
91988,3893.03
22232,3662.61
26029,3774.48
17928,3895.63
71736,2967.96
63674,3710.1
72146,2782.65
20752,3336.45
22241,3145.85
87730,3208.18
35771,3887.04
44997,3321.78
46646,3771.29
15590,3773.85
91460,3686.14
22619,3716.64
62209,3257.82
90772,3455.91
44569,2905.69
49204,3871.6
49093,3808.62
92423,3679.89
30322,3753.46
52329,3295.16
91069,3523.23
14944,3869.6
49911,3659.71
24611,3775.49
13580,3923.68
31836,3883.29
38455,3907.06
53815,3793.62
53959,3561.63
89228,3648.35
73194,3915.16
71348,3292.43
18609,3396.56
76033,3647.81
43018,3306.57
33665,3659.39
88788,3784.46
16600,3382.6
60498,3902.73
36178,3809.93
28890,3501.84
15877,3763.55
86419,3501.88
89657,3915.25
37223,3922.32
47063,3958.73
26809,3922.32
99144,2238.58
89292,3697.41
31765,3762.14
32472,3602.05
45351,3546.84
23583,3641.78
32654,3626.95
11018,3881.82
98573,3897.08
99840,3835.46
18622,3882.23
61396,2901.56
35088,3651.49
49848,3419.94
12440,3974.84
30923,3820.11
26069,3670.27
40714,3100.95
80908,3647.81
84818,3415.7
98989,3956.66
40650,3911.2
77519,2855.06
38229,3123.8
71522,3459.83
37611,3436.27
60768,3741.58
47958,3651.44
68279,3557.36
56022,3468.7
53544,2893.34
38100,3580.55
34944,3769.94
97252,3181.5
38687,3441.87
48679,3192.18
37682,3710.88
98110,3745.06
31387,3545.28
17253,2939.08
44442,3851.51
92882,2997.5
24419,2907.1
38619,2565.22
91462,2643.26
90976,3515.95
85179,3601.92
73713,3820.02
76552,3892.13
67085,3038.48
25214,3858.97
41024,3201.6
24877,3940.6
63841,3677.06
82250,3891.32
20492,3430.22
17235,3858.97
46974,3592.39
94729,3594.77
29922,3940.65
50842,3968.33
52963,3898.66
48836,3791.18
93885,3933.75
12609,3908.28
89196,3733.63
18030,3803.37
65124,3928.54
56626,3975.73
35077,3947.86
98466,3842.23
63950,3712.15
54927,3048.73
76584,4006.42
67220,3957.39
80364,3852.13
80149,4041.92
70023,3921.69
82092,3602.08
72686,3733.7
14875,3769.4
13268,3828.12
42583,3629.87
33032,3793.67
90879,2640.97
26626,3960.64
20900,3811.35
65406,3848.39
24279,3965.57
67365,3899.27
38364,3191.59
66474,2318.76
63197,3262.1
26747,3287.27
44311,3911.11
58852,3915.48
77910,3567.07
29562,3699.64
97500,3956.66
96884,3969.58
23514,3636.06
36154,3967
30023,3914.89
14924,3771.29
65070,3865.57
96955,3243.53
33705,3610.19
98116,2935.63
95272,3784.64
89517,3602.14
99018,3728.93
65677,3429.77
84592,3495.61
18044,3802.14
16478,3530.39
56679,3919.23
93944,3251.41
65418,3568.77
30559,3841.18
18325,3939.11
39839,3592.48
37737,3877.13
76096,3729.11
16737,3502.81
22037,3601.82
91341,3501.7
27190,3668.32
30233,3871.6
43707,3752.17
42347,3760.16
58618,3782.39
35111,3722.14
24085,3771.38
48677,3865.57
39736,3956.66
23928,3906.27
13624,3958.73
54594,3955.14
30886,3112.37
46281,3325.23
71657,3761.07
67726,3864.41
82304,3797.07
92089,3368.32
76547,3954.39
98603,3052.84
55522,3615.46
87378,3854.19
98350,3523.5
32689,3823.87
97280,3837.71
92555,3932.5
73965,3821.86
64908,3715.85
55929,3856.07
73193,3950.49
44795,3046.84
76679,3743.08
90335,2333.91
53316,3483.1
56899,3096.22
25447,3795.46
41291,3728.93
21173,3809.84
83653,3729.02
86712,3954.39
85419,3347.22
37524,3962.41
60901,3871.6
98563,3562.05
61575,3609.22
96420,3669.01
34616,3762.23
18710,3787.97
79762,3710.28
98484,3346.56
61054,3828.03
44009,3456.03
72528,3828.03
26693,3429.86
39408,3281.78
32502,3828.03
88877,3815.43
54658,3746.59
16971,3873.8
27941,3909.18
70677,3702.64
47407,3873.71
66784,3979.72
86825,3938.4
11559,3995.66
74664,3979.62
97799,3808.53
48332,3161.42
46632,3868.29
47530,3976.58
74319,3769.04
34883,3776.66
92276,3954.39
17926,3887.57
38585,3752.17
60098,3958.73
99463,3631.17
46532,3858.97
49205,3334.35
31425,3578.8
18424,3871.69
93323,3001.59
70307,3865.75
46186,3523.5
32432,3168.62
78919,3305.66
53162,2763.1
29169,3826.18
75899,3304.83
33152,3349.59
20939,3502.85
23317,3661.38
45840,3752.48
18675,3740.98
40838,3527.38
56719,3265.34
48841,3391.68
82554,3784.18
13051,3208.09
31029,3444.9
25561,3668.23
25942,3705.95
44744,3394.4
12875,3820.02
51744,3811.35
54728,3468.86
18875,3243.02
21510,3871.6
75255,3973.9
38445,3956.66
17473,3922.44
18971,3740.89
35609,3960.64
51673,3965.57
47421,3958.73
12734,3473.36
96002,3906.15
37948,3620.52
58736,3940.61
90871,3091.14
87843,2635.64
36166,3376.14
75352,3474.11
29706,3286.46
57787,3191.05
69493,3286.46
78401,3957.61
93971,3347.94
27261,3525.37
56768,3699.55
91991,3809.84
59462,3922.32
44501,3925.5
16407,2910.12
21493,3875.24
58196,4002.66
79080,3396.03
22817,3841
54315,3637.35
96069,3656.88
28942,3266.04
95296,3561.69
93192,3937.56
43006,3354.06
19928,3430.04
19438,3956.66
21958,3729.2
95626,3752.22
97814,3835.37
91046,3281.51
83835,3262.09
92390,3594.66
32837,2829.64
82533,3911.11
22209,2959.2
21263,3001.02
46728,3075.33
31828,3752.13
43916,3430.22
99868,3578.8
32245,3915.16
63787,3475.66
95016,3254.14
68141,3335.91
55201,3066.01
54092,3039.15
59083,3463.33
33491,3053.2
68997,3137.3
35665,2890.78
67980,3397.46
78452,3655
11654,3479.4
87568,3186.81
25143,3298.19
70843,3878.11
15344,3081.1
66414,3859.06
51361,3960.64
36421,3776.93
80270,3537.8
53058,3906.68
14038,3865.57
59943,3668.5
85064,3882.32
33073,3841
23301,3851.42
26727,3860.98
43492,3641.96
63944,3115.72
54722,3848.48
32857,3741.07
16423,3802.14
13688,3533.82
82380,3708.83
71724,3774.48
96808,2548.79
14078,2648.56
99071,3218.13
80557,3717.16
96083,3601.6
51433,3842.23
83973,3855.98
37455,3781.02
63076,3566.89
29890,3075.15
82794,3394.31
80918,3390.69
15415,3683.39
37192,3938.4
40431,3424.6
21876,3638.29
53432,3906.68
92966,3688.22
16129,3337.89
48222,3903.64
46572,3417.81
99505,3477.57
61133,3820.11
11846,3592.48
62297,3858.97
28847,3394.13
88159,3815.25
97490,3312.07
19569,3218.52
37490,2696.24
18132,3922.32
12369,3568.86
13041,3970.43
55250,3954.39
82822,3661.47
26884,3752.04
86236,3817.06
47944,3700.98
30407,3715.85
69631,3828.38
53995,3445.79
59171,3962.41
95713,3925.59
49251,3935.95
61014,3241.33
42969,3417.99
62250,3215.22
58345,3865.57
60123,3655.64
78974,3347.31
56739,3537.34
59870,3922.32
33069,3954.39
70070,3915.86
16146,3988.47
46055,3182.76
53795,3112.37
92554,3382.06
77213,3911.11
39800,3841.45
14222,3859.67
48784,3918.98
88488,3809.84
28586,3260.79
92534,3835.46
62339,3439.96
44856,3911.11
10881,3376.68
73951,3865.66
85676,3287.25
94572,3406.31
65045,2883.77
44020,3609.13
70286,3645.03
28792,3449.83
80737,2678.27
24389,3662.23
69347,3917.52
53603,3970.75
52820,3647.27
81092,3823.34
54555,3829.19
37770,3712.33
95327,3811.53
75426,3911.2
53692,3729.2
42579,3956.66
96741,3376.32
46156,3402.06
26165,3793.62
79210,3525.19
51574,3251.63
26854,3811.26
13273,3911.11
19118,3922.32
10651,3835.88
25720,3815.16
50887,2845
96142,2917.36
42484,3697.05
64013,3964.05
97133,3752.26
36528,3962.41
96453,3121.69
29217,3960.64
22684,3710.19
54879,3501.21
99998,3553.72
84671,3933.84
12434,3977.39
38176,3956.66
73084,3460.19
97841,3960.42
12513,3860.28
99682,3547.29
70452,3502.18
49966,3912.11
92829,3669.4
59397,3622.6
26095,3798.14
71174,3729.76
27293,3620.7
14241,3429.86
99358,3545.37
60499,3865.57
84477,3382.15
59713,3837.92
54370,3964.05
42792,3828.21
68082,3484.76
27984,3525.19
66051,3774.57
57905,3784.64
96049,3859.06
24875,3858.97
35497,3877.84
21710,3258.93
70711,3001.37
75159,3501.39
78626,3334.77
32174,3705.95
86644,3669.34
14766,3946.18
85176,3954.39
11489,3885.48
84296,3918.89
57516,3580.23
52310,3513.03
26439,3668.32
42896,3922.41
13867,3918.89
79304,3931.19
12195,3835.64
10190,3906.68
40173,3906.06
30198,3854.46
84573,3771.56
44973,3922.41
12574,3842.32
85243,3139.3
25191,3641.68
18356,3895.57
99212,3363.81
97459,3668.41
94649,3820.11
54162,3891.32
91749,3919.23
22488,3828.03
94146,3871.69
34424,3084.65
57207,3962.41
69888,3721.87
53130,3588.66
46874,3601.62
46415,2800.88
39458,3365.05
12205,3986.79
97715,3568.5
71805,3349.41
82051,3889.03
90639,3610.19
76273,3436.09
57051,3262.18
26052,3501.59
41920,3722.23
85078,3647.5
15189,3915.25
40479,3469.1
84616,3826
81553,3937.56
34575,3513.72
68386,3625.19
35195,3884.15
59419,3101.47
94672,3208.81
19514,3786.31
80056,3501.5
72602,3956.49
84325,3501.3
75451,3911.11
40062,3817.24
11640,3974.92
22546,3095.99
27285,3525.01
97569,3709.57
32588,3841.45
31794,3715.94
75765,3842.14
15959,3631.88
18425,3931.19
63756,3778.28
33953,3001.42
91671,3702.46
52962,3365.72
97630,3309.12
82382,3592.47
58732,3321.06
17242,3811.35
90905,3657.35
16711,3733.54
85786,3895.39
18455,3724.42
42640,3270.66
47883,3127.19
85630,3811.26
31336,3610.19
79251,3188.79
94782,3543.25
37242,3617.08
12080,3304.47
22786,3220.42
89384,3708.05
60312,3657.44
34737,3597.03
61710,3865.57
34421,3960.64
62275,3578.25
90130,3333
94186,3778.07
83530,3753.77
37841,3501.84
87254,3936.24
83853,3683.39
13914,3933.75
31026,2967.16
57182,3460.01
78114,3964.05
71497,3568.95
29686,3811.35
19477,3915.16
68908,3972.91
62544,3933.75
51091,3697.14
56000,3772.56
33994,3942.51
48724,3968.18
17778,3607.98
42758,3958.73
75764,3070.25
29782,3869.31
47995,2953.4
54433,3512.57
26260,3752.17
64236,3774.48
39312,3848.48
88943,3622.69
99850,3849.51
54600,3926.58
87314,3780.21
90155,3817.15
43065,3856.04
46912,3802.05
37012,3828.03
33660,3971.86
47247,3988.78
12766,3960.64
46746,3599.19
35065,3335.04
63711,3392.7
13846,3918.89
94594,3954.39
30762,3191.86
41397,3942.21
28953,3979.62
47275,3729.11
21219,3001.12
97031,3785.4
73539,3035.4
21556,3398.03
66756,3955.14
77775,3144.13
48162,3591.89
35829,3459.83
46389,3620.34
20898,3655.73
28176,3762.05
95808,3319.21
68885,3001.73
88608,3373.76
71951,3844.09
56263,3680.92
24682,3578.25
12236,3401.69
50513,3906.06
84739,3637.93
69264,3728.93
50954,3566.71
69468,3040.97
95045,3526.66
39335,3729.11
70274,3657.17
65408,3740.98
58028,3147.05
50478,3334.65
89075,3906.68
54819,3620.43
64857,3742.81
37307,3906.77
39137,3261.82
45483,3455.85
52807,3501.7
36126,2881.06
87173,3346.14
60391,3955.14
93535,3774.75
40086,3917.28
79358,3982.19
94142,3769.67
73866,3659.74
56839,3566.65
88360,3702.47
91854,3455.67
29072,3911.2
98694,3373.4
82875,3864.23
40569,3802.14
48653,3582.58
15277,3835.46
69653,3925.5
83158,3072.97
24618,3209.65
78033,3172.14
24730,3716.03
52269,3346.38
91133,3072.52
76973,3183.68
31535,2654.83
43479,3388.95
15134,3642.14
94582,2780.3
92372,3771.38
82473,3420.92
66130,3602.02
90150,3418.45
42496,3962.41
84115,3705.68
77662,2909.67
60023,3561.51
14681,3842.14
89023,3334.35
67920,3865.66
14836,3815.43
45146,3960.64
65414,3964.05
47891,3716.98
99993,3886.95
96963,3349.24
90599,3835.89
82924,3715.85
45630,3713.52
40346,3408.28
42065,3820.02
96184,3557.72
65373,3831.85
95048,3879.26
98675,3967
96709,3906.68
25235,3828.03
83645,3592.31
10824,3793.62
28935,3209.56
75034,3769.04
57318,3084.83
13099,3585.28
94731,2714.86
42289,3430.04
44131,3637.93
49430,3848.39
17927,3954.39
18631,3715.85
89815,3841.54
10752,3795.83
41349,3167.72
68709,3912.12
51047,3991.03
85154,3930.75
56347,3815.16
51597,3573.15
41233,3501.61
50543,3578.89
14830,3888.79
94697,3697.7
88791,3899.18
29797,3219.44
93791,3817.25
10149,3906.27
87927,3732.71
98417,3693.6
72347,3985.88
83734,3710.28
94691,3001.12
81260,3044.97
86283,3954.39
58904,3361.69
24978,3960.64
17582,3441.24
10146,3854.46
25703,3964.05
16160,3820.11
62778,3810.11
20830,3898.18
27336,3987.66
22710,2834.41
31286,3143.7
83336,3165.02
48226,3788.06
77306,3292.72
78194,3292.82
53025,3741.07
10421,3740.89
59434,3374.86
98170,3922.32
26516,2813.72
12188,3084.29
39917,3906.06
41870,3902.41
22469,3877.13
25671,3918.98
17947,3668.44
74842,3382.15
44865,3835.37
67047,3809.84
40618,2944.47
38931,3546.84
78793,3964.05
29183,3865.66
74954,3390.78
16188,3388.49
18722,3914.89
76792,3934.26
82443,3942.61
69289,3274.03
74088,3121.33
26066,3001.21
40378,3848.48
88578,3270.48
24944,3459.67
79830,3881.74
92595,3647.86
33902,3669.82
85546,3558.26
50798,3937.56
13863,3982.19
70083,3982.19
59553,3754.08
83623,3872.21
73351,3191.59
70235,3042.73
85750,3031.71
46372,3092.57
39044,3683.66
88204,3668.89
56073,3954.39
25790,3960.64
18547,3933.75
58924,3479.57
78722,3057.19
85920,3590.65
16421,3811.26
93011,3430.56
95838,3081.06
58941,3584.03
46754,2495.46
86322,3471.29
65479,3911.11
53800,3520.41
13333,3501.67
85619,3915.16
32981,3973.9
97615,3243.29
65425,3144.76
31230,3660.71
92985,3236.67
69587,3279.32
76055,3617.17
62204,3683.48
13971,3956.66
17401,3771.29
42789,2618.68
33966,3859.58
55289,3358.95
46138,3869.31
61017,3444.72
48475,3543.44
96686,3940.6
49673,3631.52
49730,3865.57
16879,3230
50344,3859.58
94590,3121.69
39806,3819.31
54672,3865.57
25407,3282.8
16582,3668.53
34788,3811.53
89348,3046.12
65011,3742.81
29362,3954.39
74165,3871.6
30564,3042.9
85822,2703.7
96065,3196.51
49158,3193.05
52785,3161.24
20057,3502.49
43155,3811.26
80994,3348.96
90453,3072.34
70026,2897.38
56836,3828.12
21694,3969.58
75632,3362.73
85155,3977.81
31950,3981.58
57348,3376.59
18172,3972.91
41520,3406.57
23392,3684.2
73904,3501.79
18362,2964.04
93882,3906.68
90010,3460.01
35440,3481.6
32087,3119.25
20212,2828.33
71013,3761.96
24953,3783.82
18481,3865.57
38726,3585.76
14878,3787.55
37637,3764.19
20091,3092.31
27415,3137.75
90757,3617.08
66663,3105.36
85525,3657.88
26077,3641.69
72380,3217.76
31463,3560.87
34612,3251.48
40848,3173.31
14466,3395.62
88511,3688.23
56060,3869.31
51234,3487.59
51623,3811.44
64600,3520.5
67608,3617.46
39638,3697.42
39761,3573.17
82631,3441.69
88686,3585.1
43400,2864.59
29993,3418.35
39885,3421.73
95569,3573.51
98812,3774.48
79033,3959.88
90685,3928.45
58161,3780.49
30310,3468.23
34513,3794.19
96823,3349.5
84505,3732.74
19502,3977.39
64761,3915.25
35107,3742.99
25075,3361.6
54025,3144.15
54995,3922.32
75502,3925.59
73104,3668.14
90563,3001.25
57589,2853.92
62968,3088.01
29335,3566.98
87095,3864.7
60103,3311.8
11591,3592.39
67473,3372.09
73163,3112.01
92958,3795.55
52352,3483.1
89703,3668.74
45430,3918.89
81784,3922.32
31493,3228.48
67928,2786.89
54952,3954.39
27021,3967
88747,3858.97
54143,3518.06
83109,3740.89
80120,3784.73
79238,3918.89
15806,2960.88
61210,3523.14
39051,3381.88
95241,3334.56
41913,3382.15
53048,3429.59
55563,3434.81
92132,3372.96
24453,3334.27
28282,1864.31
23798,3635.34
78115,3978.17
56946,3828.03
71976,3865.57
31694,3915.16
19994,3564.71
87104,3721.87
76621,3547.29
24899,3232.2
41457,3391.41
41983,3560.69
86675,3609.23
33167,3353.37
13862,3715.85
65641,3931.19
35588,3859.58
59273,3951.76
69511,3319.3
59293,3040.97
45335,3936.13
80415,3761.16
57434,2808.85
53972,3620.24
28449,3572.9
72121,3620.43
11674,2905.7
65679,3755.05
32549,3759.48
54656,3759.65
12062,3257.78
63042,3503.4
67377,3346.92
71925,2899.35
67503,3341.48
47474,3429.77
44320,3193.65
12885,3037.73
21755,3558.17
65824,3456.03
98451,3659.8
85446,3502.77
65541,3915.16
33053,3865.57
52881,3430.05
18178,3668.41
42322,3954.39
46656,3239.3
22729,3668.32
99164,3973.9
30276,3965.57
42563,3027.93
35652,3841
24573,3820.2
40885,3774.66
82099,3828.12
19887,3084.38
16606,3119.25
73069,2739.9
76155,3626.68
51644,3820.02
98934,3697.5
75162,3578.8
34062,3763.64
38990,3915.16
36198,3730.18
47974,3929.49
64320,3852.07
34634,3978.17
82509,3956.66
11806,3811.26
67024,3960.64
96415,3669.31
69981,3001.45
93447,3334.74
72438,3334.68
71672,3430.65
12219,3791
55200,3381.88
34268,3960.64
37404,2865.01
43856,3697.23
16297,3627.3
95454,3697.32
42921,3578.62
22581,3877.13
26795,3668.41
66443,3820.29
55006,3544.54
53670,3938.4
23990,3811.53
95972,3811.35
15571,3815.17
47018,3572.81
81321,3655.64
14353,3542.8
11807,3770.35
16672,3877.13
49774,3871.6
49250,3941.63
18847,3635.94
42859,3607.19
31792,3077.9
33962,3869.31
24919,3304.53
76520,3520.05
67677,3410.12
78203,2921.06
89004,2739.99
36339,3777.02
24501,3479.93
91387,3364.86
60989,3726.32
18277,3653.84
47508,3938.4
44327,3977.39
77600,3358.59
44023,3321.15
97903,3954.39
71192,3882.23
33413,3967
89858,3668.41
63077,3809.01
70135,3848.39
15690,3364.76
48215,3218.26
44940,3480.34
36238,3733.01
44804,3592.31
21099,3344.65
58109,3092.05
43775,3627.12
83563,3891.32
13215,3273.85
49085,3459.56
11365,3970.75
21733,3740.89
68384,3457.04
27038,3722.05
29628,3828.21
43079,3956.66
68442,3596.05
37082,3668.14
81344,3566.62
24887,3183.03
66062,3572.9
54105,3886.95
40004,3550.85
91595,3986.79
60830,3763.55
71362,3842.14
93608,3654.2
59032,3647.27
60648,3566.98
19013,3858.97
23657,3566.98
72385,3669.37
89658,3483.46
54760,3364.85
82458,2909.94
44731,3647.63
38683,3282.84
93890,3462.97
58958,3242.93
36065,3669.22
54683,3234.98
98381,3742.81
90504,3710.46
98859,3784.46
46500,3954.39
54837,3533.19
87917,3723.92
78781,3960.64
32750,3958.73
70533,3958.73
49992,3954.39
97567,3820.29
13856,3697.59
37324,3533.73
81788,3858.98
48171,3962.41
38055,3891.41
75400,3501.7
12424,3502.06
71049,3602.14
55458,3286.71
43250,3453.18
71191,3392.34
30296,3449.92
63570,3964.05
23861,3836.39
47027,3518.33
12282,3716.37
51627,3958.73
10141,3859.58
79332,3361.51
70480,2868.23
80164,3784.09
31498,3960.64
10453,3307.45
33614,3950.86
10928,3900.56
67972,3364.95
20026,3911.11
13219,3218.54
19023,3865.58
17337,3001.4
59588,2619.72
18127,2984.08
16009,3435.16
13743,3220.15
40774,3573.94
95861,3112.1
11432,3116.36
84098,3335.01
42339,3062.38
50341,3463.06
53879,3922.4
75976,3242.99
24239,3144.31
29197,3545.19
31479,2435.57
80044,3979.82
77494,3607.44
77581,3512.66
99640,3835.37
46238,3609.31
21254,3429.86
16154,3523.23
18484,3167.9
89778,3683.66
62920,3902.74
26794,3956.66
52154,3964.05
84503,3780.03
84041,2750.51
60042,3771.29
45068,3802.46
30285,3835.37
45623,3802.05
81012,3929.13
17512,3864.47
29391,3842.15
51491,3761.96
76350,3568.5
15172,3417.9
17886,3793.62
74075,3584.83
66891,3710.1
71168,3501.68
59540,3774.57
62690,3329.05
52817,3220.15
10580,3001.8
32234,3956.66
74316,3873.91
71311,3835.37
87483,3925.5
56869,3946.27
66881,3418.17
96714,3305.57
24479,3728.93
48765,3246.35
75041,3911.11
53183,3376.23
54724,3238.94
11577,3906.68
48463,3592.48
29843,2857.8
96464,3694.28
83694,3426.73
72604,3906.68
68449,3948.43
30063,3728.01
67147,3699.46
71993,2819.32
63537,3795.57
87536,3956.66
59018,3441.6
76012,3944.4
45083,3577.8
94579,3881.73
25341,3971.86
57181,3811.26
85102,3513.01
27515,3261.91
61932,3182.67
98090,3906.68
38258,3842.14
21203,3780.03
93897,3539.98
75607,3882.23
87976,3906.68
37745,3940.52
19685,2656.64
34506,3122.18
34992,2872.27
28058,3865.66
37164,2961.24
39305,3769.04
51378,3479.57
89048,3918.89
86247,3487.53
28399,3811.26
57578,3143.97
82513,3984.42
92164,3530.29
74213,3312.43
21933,2788.91
86548,3918.89
51253,3923.09
35866,3683.4
12720,3175.04
59455,3546.84
49233,3906.77
44319,3514.77
92674,2436.83
66147,3347.31
31993,3566.83
56028,3191.36
77054,3281.15
48865,3251.18
23145,2960.52
88039,3227.11
59529,3710.1
68413,3547.38
86076,3501.3
97020,3154.92
91758,3960.64
86708,3501.21
68741,3932.5
58873,3954.39
49161,3732.74
76173,3364.67
24118,3809.84
33301,3716.12
58569,3958.73
88691,2760.97
57427,3906.69
13290,3000.96
81359,3044.7
64551,3501.5
19652,3228.93
29695,3848.66
75409,3895.48
65108,3592.48
92358,2734.81
60944,3550.5
66059,2885.69
42467,3361.42
64855,3668.74
92233,3871.6
58347,3970.75
83729,3555.27
26932,3637.84
32788,3609.22
53205,3386.41
74871,3429.08
70490,3956.66
53657,3501.48
98462,3958.73
88011,3911.11
56845,3877.22
39771,3809.93
57084,3811.35
33747,3936.15
57324,3183.69
87282,3710.28
73079,3543.35
22056,3251.81
67893,3962.41
66452,3928.54
39437,3817.06
73872,3319.48
82271,2789.11
76339,3763.55
53216,3361.42
14717,3918.89
65695,3818.96
10689,3914.41
78802,3875.51
24553,3306.02
68906,3392.7
15405,3668.35
44109,3112.82
32764,3088.18
84372,3774.21
51206,3826.57
72608,3553.72
12067,3481.87
64572,3239.48
18781,3752.44
17855,3891.32
24912,3501.64
86445,2869.88
10527,3796.54
22395,3227.47
66327,2828.69
50299,3059.92
37953,3802.46
25658,3871.6
92418,3922.32
86140,3297.92
59800,3960.64
16381,3958.73
58325,3835.37
34310,3962.41
20281,3668.23
22462,3209.38
40017,3680.83
21931,3740.99
11827,3922.44
27104,3975.86
20753,3001.41
28242,3958.73
79839,3828.12
34728,3915.25
15391,3865.57
54300,3871.6
66018,3602.01
80010,3610.19
87466,3655.91
46175,3468.32
18695,3906.68
99569,3710.1
58520,3864.26
66325,3417.38
48055,2858.09
11110,3001.58
26909,3925.5
56497,3429.77
91150,3697.32
83821,3946.18
35291,3566.92
94303,3958.73
81377,3945.36
94705,3846.5
80446,3909.18
17923,3721.14
65764,3774.48
88304,3826.39
11867,3668.32
59503,3836.75
95996,3029.31
95189,3944.4
80970,3561.51
55419,3877.13
61072,3811.26
93986,3479.75
65002,3001.2
94556,3058.39
85908,3481.6
33446,2594.97
19089,3566.71
31767,3835.65
11790,3129.66
56928,3962.41
27767,3877.13
60863,3911.11
51613,3668.14
28622,3401.51
41691,3915.16
74572,2929.75
46544,3531.37
48158,3954.39
82598,3131.29
35809,3218.7
23460,3368.05
18026,3358.32
43640,2929.3
23241,2924.15
21985,2084.38
72485,3694.19
22667,3386.05
41446,3820.11
34014,3802.32
38968,3958.73
48007,3547.02
33562,3668.15
91986,3954.39
96749,3588.12
96452,3535.61
72244,2819.12
79538,3592.57
45520,3321.24
88352,3899.18
64397,3763.82
42016,3610.64
93773,3882.23
69034,3372.62
38525,3668.14
33609,3681.78
39563,3956.66
42459,3364.58
78371,3680.83
56212,3182.85
17829,3335.43
81932,2783.2
59641,3096.17
15833,3835.37
91176,3410.49
27762,3964.05
17035,3631.71
61495,3617.17
43157,3488.13
17416,2876.23
83779,3415.52
94054,3436
48174,3321.33
93655,3566.8
93064,3096
19158,3286.49
12288,3954.39
15534,3842.14
97263,3429.95
89552,3820.29
24637,3364.76
50405,3877.13
69401,3967
55388,2969.58
52882,2565.94
30908,3954.39
44682,3321.25
41676,3886.91
20124,3691.93
17267,3517.19
26558,3877.13
20060,3668.14
82308,3964.05
76680,3430.22
62093,3688.67
14639,3668.5
87517,3459.65
26709,3740.98
67537,3167.82
94219,3228.39
33546,3668.53
16817,3516.13
95124,3393.83
40221,3906.68
41755,2979.8
26049,3572.24
78348,3633.32
80286,2886.27
64843,2763.31
89434,3960.64
52745,3763.64
45934,3809.93
73877,3705.69
96895,3558.17
39173,3769.85
82718,3116.81
87825,3865.57
64654,3273.49
39592,3501.21
32879,3322.32
45587,3477.57
69135,3566.71
55349,3986.34
10505,3365.39
60524,3793.71
23378,3820.2
37954,3601.96
99185,3376.41
67494,2955.31
15938,3167.85
42368,3305.58
72167,3954.39
32378,3602.05
42293,3954.39
42777,3811.26
35013,3429.68
94116,2989.38
28753,3763.64
40880,3811.35
10756,3869.41
99233,3861.59
58864,3986.34
16664,3571.05
87556,3975.55
58875,3477.3
82313,3766.16
81691,3697.32
48855,3436
88338,3625.28
96337,3614.92
24874,3811.26
16037,3157.92
99101,3753.15
79629,3697.41
50763,3906.68
33579,3711.06
53352,3304.98
38742,3769.04
10322,3928.54
36711,3852.55
61028,3918.89
76996,3865.59
94213,3740.29
21572,3592.57
49338,3811.26
35887,3823.87
18578,3218.34
57865,3923.78
84799,3795.46
58989,3620.43
33317,3641.59
54012,3234.89
87765,2029.28
98364,3501.39
62871,3817.33
84815,3436.18
19461,3978.91
73465,3572.81
39504,3867.77
21607,3811.26
91510,3602.19
52544,3382.16
79084,3784.46
84911,3218.7
97968,2924.24
96560,3864.61
49363,3601.78
69595,3125.87
29855,2614.3
35582,3871.6
60758,3975.73
32531,3321.6
82182,3694.19
77695,3679.62
79635,3865.57
12748,3910.12
53487,3846.59
90411,3655.33
14088,2959.38
44088,3416.24
27867,3385.78
74569,3228.48
92221,3436.45
10367,3823.78
89503,3321.42
30747,3610.19
92928,3179.39
63024,3305.75
59698,3746.77
28164,3264.3
39176,3319.57
71284,3524.01
26088,3260.43
13785,3209.92
84812,3274.41
56253,3364.94
77742,3786.51
87711,3436.27
98866,3911.11
49094,3352.11
16712,3349.05
90826,3334.41
21957,3811.26
55017,3811.26
65848,2111.92
35196,2776.08
26006,3090.01
13890,3251.32
28678,3201.06
20870,3868.29
18996,3962.95
27383,3524.81
33306,3459.74
74155,3741.41
40131,3992
73509,3999.42
38827,3820.11
98397,3761.96
47495,3802.55
13648,3831.8
84223,3779.94
27267,3925.5
88201,2762.29
72080,3209.56
19781,3721.96
90539,3842.23
41054,3002.19
78016,3721.87
11703,3502.87
80133,3262
74943,3001.13
92087,3876.5
30301,3854.19
83598,3412.14
89267,3347.85
87459,3359.72
41659,2782.47
79606,3967
33499,3899.18
30487,3681.78
97900,3088.09
97410,3802.05
73012,3361.24
15681,3906.24
33619,3989.63
98846,3933.75
35414,3702.92
70841,3637.84
63541,3906.77
75374,3277.56
19455,3157.83
40342,3620.61
52668,3579.07
77603,3962.42
36435,3324.15
30909,3545.15
68948,3002.58
87321,3274.3
34108,2696.51
69904,3956.66
58420,3989.62
92033,3958.86
33090,2913.9
56105,3915.25
82877,3429.77
91985,3771.29
15764,3057.64
92986,3251.81
40019,3956.66
39701,3321.25
17689,3654.02
34501,3456.59
36113,3924.58
72009,3877.32
61500,3828.3
61143,3811.53
44576,3715.85
23322,3954.39
91823,3557.81
46473,3795.55
78939,2894.13
61672,3218.43
35000,3175.31
52034,3281.33
78863,3459.56
96457,3594.31
13808,3737.88
98230,3858.97
14916,3572.72
86874,3936.15
39329,3732.74
53858,3470.78
73963,3668.41
64442,3483.01
24995,3228.03
94243,3392.79
73153,3346.38
88340,3392.43
91400,3697.32
43235,3468.23
74058,3612.51
24474,3849.51
38947,3601.6
55243,3784.46
13760,3286.91
13015,3324.78
59761,3343.84
95364,3091.85
21606,3592.48
38404,3732.83
78685,3828.12
17690,3918.89
15508,3410.48
54437,3281.24
59877,3653.93
98746,3594.22
80945,3799.92
34805,3501.94
61225,3281.06
19841,3401.65
24742,3468.5
24669,3871.6
20376,3273.87
18660,3968.33
61970,3358.32
14432,3942.6
39245,3793.62
20083,3681.78
86113,3954.39
59272,2955.49
25421,2914.84
81969,3147.66
41716,3137.66
61175,3429.95
76071,3513.27
53438,3321.06
49547,3915.16
23465,3533.19
74352,3218.75
65650,3550.77
14251,3525.19
57833,3956.66
28309,3334.53
55088,3722.14
64504,3856.07
53873,3112.28
72291,3162.63
29338,3566.71
25673,3332.47
91110,3315.99
40847,3954.39
85370,3722.14
84972,3392.88
63530,3070.25
55141,3759.65
90322,3578.71
46616,3697.41
51854,3983.33
14777,3194.27
94471,3597.21
56874,3877.13
54588,3795.73
18548,3642.05
69731,3626.68
17779,3610.19
18958,2905.24
61053,3308.67
84749,3202.33
53097,3251.8
91620,3598.08
49720,3681.78
61288,3977.39
48355,3657.17
83719,3273.67
72302,3112.28
19406,3523.05
28915,3967
59796,3982.77
53304,3965.57
11206,2885.96
91594,3742.9
50023,2905.33
20331,3135.07
49503,3101.2
91071,3865.57
90990,3752.48
71737,3622.78
24857,3685.05
68791,2927.57
18986,3546.75
96786,3557.18
95103,3106.72
74373,3477.57
95775,3574.01
58306,3795.46
17383,3533.55
99519,3445.8
36883,3691.93
27844,3627.21
32676,3477.57
34414,3771.65
42377,3716.37
63327,3906.68
62831,3483.19
96636,3394.13
50146,3559.35
19213,3525.01
10097,3722.05
22564,3740.89
91682,3752.13
99150,3118.59
79156,2727.85
81280,2885.51
40361,3321.51
81132,3774.48
41650,3938.4
40978,3503.33
12227,3602.28
95155,3849.51
53218,3046.21
47869,3167.99
69271,3430.2
73372,2827.22
53022,3268.63
87589,3215.82
35211,3342.79
32752,3270.3
85783,3410.13
53776,3354.45
20234,3784.46
16308,3956.66
21114,3376.5
89485,3001.44
80384,3774.66
76525,2613.84
40965,3790.73
80931,2750.96
65551,2839.62
85010,3286.82
56049,3962.41
98524,3906.06
39022,3456.79
57716,3215.65
92948,3501.41
67688,3143.79
99034,3641.69
87674,2715.04
25596,3418.35
44678,3918.89
55760,3715.94
36900,3915.16
22195,3386.14
94540,3143.88
79693,3602.56
97047,3810.02
98419,3915.16
18382,3182.94
53131,3281.25
64344,3361.42
16198,3424.71
18534,2953.13
94709,3540.25
44505,2773.49
36202,3918.99
26432,3566.89
19153,3209.74
32636,3309.01
11627,2856.45
33206,3899.18
42183,3906.68
35988,3133.02
76738,3487.77
84868,3962.41
68715,2853.21
64346,3922.32
50310,3738.06
10717,3865.57
32658,3848.67
35620,3472.37
46548,3637.84
83698,3915.16
94322,3956.66
50603,3813.88
54180,2919.92
15560,3964.05
96961,2905.42
40508,3953.91
23489,3954.39
43054,3622.06
50712,3841.18
93057,3209.74
56940,3865.57
79000,2815.8
46096,3683.39
16615,3381.97
79013,3964.05
31823,3502.37
17755,3546.84
93748,3858.97
73779,3223.48
21534,3314.26
59106,3382.24
50754,3620.8
72089,3479.75
81117,3865.57
99312,2463.15
15762,3767.48
32685,3533.19
24977,3429.95
93293,3251.09
39642,3936.04
56075,3964.05
52212,3584.92
11874,3553.45
35544,3638.11
25941,3882.23
34444,3960.65
10921,3410.39
83046,3914.9
13881,3638.58
44116,3468.87
52064,3795.46
41638,3715.85
94533,3594.93
45376,3572.9
61137,3149.23
88359,3392.7
25057,3760.34
64247,3860.89
55699,3882.55
63648,3697.06
64757,3626.59
70938,3740.89
40745,3962.42
25651,3968.33
89825,3922.32
15006,3968.33
83231,3860.8
26625,3455.67
84114,3710.28
63009,3238.94
49107,3131.47
91842,3865.57
22429,3835.46
48664,3477.57
82848,2915.72
41002,3501.9
46300,2653.03
25501,3472.15
29487,3149.32
52132,3885.39
32268,3960.64
32023,3915.16
49144,3468.23
77996,3380.68
82666,3385.96
59357,3335.47
84059,3774.48
95002,3356.14
48898,3092.97
41415,3262.18
68122,3911.2
14604,3540.07
67222,3958.73
47548,3609.22
68903,3501.59
67214,3582.58
37031,3645.98
47704,3484.59
92187,3715.86
38604,3376.68
21633,3968.33
60082,3811.26
89003,3201.92
58813,3584.92
41535,2524.38
51287,3820.02
75154,3962.41
63556,3647.63
70220,3668.77
38993,3273.94
93251,3072.79
88125,3858.97
52434,3261.91
37090,2747.56
43800,3858.97
34961,3710.37
23349,3044.79
99445,2905.51
56754,3521.51
49910,3668.71
19571,3161.78
10078,3956.66
19459,3752.17
20490,3645.03
14249,3732.74
59289,3175.31
64590,3811.26
49298,3469.61
87719,3899.18
11693,3793.62
71435,3228.3
99096,3583.29
19822,3645.34
83394,3743.63
94801,3811.26
56093,3958.73
90056,3436
71525,3793.62
85726,3858.97
10231,3954.39
36275,3740.89
58837,2920.97
20943,3467.1
39631,3592.48
15421,3715.85
31862,3729.02
32982,3241.24
52666,3173.78
31357,3358.68
21429,2864.14
69029,3540.07
30630,3531.81
81025,3848.39
96123,3908.89
86352,3946.27
25967,3771.29
65591,3479.58
73189,3479.57
25364,3717.16
80810,3309.04
37931,3349.05
38065,3132.74
57544,3031.45
46342,3885.39
67616,3270.39
12664,2501.53
55281,3751.86
52391,3962.41
84378,3716.89
54528,3683.66
52623,3322.88
64356,3344.74
19957,3286.64
12742,3584.92
44995,3681.87
68290,3347.31
82621,3626.59
73857,3914.89
36839,3899.19
39694,3922.35
80101,3624.06
98841,3653.75
22115,3964.05
15685,3802.46
19171,3716.13
28030,3334.17
55265,3697.5
20950,3617.44
88601,3376.77
30904,3637.84
10103,2952.95
18559,3760.89
81910,3715.85
25073,3901.07
37813,3501.7
17277,3960.64
42713,3960.64
24298,3092.12
57740,3319.21
17196,3286.46
66355,3388.49
85668,3492.96
39237,3681.78
68269,3319.03
86011,3080.98
42448,3854.19
48525,3441.78
61008,3087.5
60796,3502.04
11592,3811.53
33099,3370.06
25542,3520.23
40737,3277.14
18018,3087.92
34448,3167.99
89720,3041.15
32090,3455.94
54791,3835.52
94130,3111.86
53167,3700.98
96772,3359.35
18181,3566.8
24160,3342.18
14984,3962.41
78101,3641.34
46355,2815.89
45654,3882.23
14947,3525.19
87373,3972.91
13549,3353.61
91535,2952.95
57413,3392.61
72147,3523.5
15217,3431.31
61065,3324.06
67723,3759.57
37019,3899.18
65691,3962.41
96872,3710.46
51113,3427.56
16910,3573.08
88335,3918.89
74488,3599.36
94117,2885.69
72843,3028.95
18205,3422.54
14375,3535.53
28473,2795.27
40227,3641.96
17199,3967
66457,3871.6
19635,3850.72
81720,3984.91
67154,3917.52
85161,3739.89
80090,3536.3
32828,3573.15
18910,3821.29
27152,3740.89
68898,3174.86
65127,2808.82
19650,3620.61
80776,3683.4
50190,3187.87
82944,3631.7
43565,3956.66
69432,3154.66
15513,2810.36
55603,3697.32
92211,3956.66
46123,3809.28
10050,3262.09
50654,3001.04
13564,3569.83
45044,3682.55
26844,3550.23
72101,3726.93
26236,3346.29
68486,3823.15
16811,3964.05
40255,3410.84
54491,3501.9
44956,3418.17
13416,3561.69
80344,3925.5
47009,3783.91
21543,3820.02
63724,3873.71
11707,3715.94
28557,3335.04
52489,3479.75
66623,3729.02
98307,3293.44
45370,3620.52
44485,3572.99
53649,3626.6
85060,3091.85
10991,3386.63
32077,3380.59
94058,3193.29
66775,3290.33
49521,3388.67
77965,3521.12
34464,3477.48
33850,3683.39
85917,3763.55
88418,3954.39
26682,3705.68
98965,3911.11
57761,3962.41
53817,1630.27
60193,3516.54
51805,3392.99
61627,3251.32
27563,3610.2
25424,3828.3
69210,3683.57
22617,3761.96
37477,3809.93
69531,3694.28
97837,3891.32
16387,3689.89
19713,3501.5
74682,3566.62
69312,2648.11
73684,3083.79
45159,3334.62
58832,3376.86
47888,3610.37
97371,3436.19
28349,3668.53
59012,3557.27
40603,3915.16
88862,3971.86
37104,3463.91
99932,3742.81
25657,3885.66
35234,3683.84
78127,3729.2
88948,3723.74
14861,3525.81
41363,3144.57
98975,3795.46
41230,3620.52
85413,3228.66
41893,3906.77
79743,3043.8
81192,3342.97
41222,3873.8
59878,3025.31
32051,3985.88
47983,3828.03
75336,3877.84
42914,3443.7
46176,3334.56
87780,3380.59
50679,3610.55
73228,3807.13
18714,3793.27
92230,3218.53
23637,3450.19
37920,3101.2
86158,3502.19
13048,3602.6
88606,3356.68
40125,2887.23
50364,3309.61
37132,3765.36
18749,3683.48
85011,3938.4
72261,3942.51
64276,3906.77
41313,3608.46
87828,3137.57
54779,3228.58
76314,3233.61
58922,2723.84
76333,2551.57
77772,2709.31
64309,3393.47
36511,3830.13
71340,3859.06
61925,3958.73
46833,3827.82
36490,3130.42
71249,3188.01
85158,3474.11
20750,3763.55
96393,2929.93
59082,1714.87
91534,3608.46
24495,3543.35
39038,3239.12
32010,3697.6
72666,3627.12
43857,3954.4
25182,3969.58
53385,3964.05
91619,3811.26
30261,3546.75
48678,3634.12
57273,3491.32
59323,3858.97
31546,3865.57
84132,3906.55
35483,3918.89
73474,2876.1
75249,3180.29
77057,3364.85
67101,3477.84
59940,3566.71
74387,3270.75
46531,2783.47
10519,2839.11
66673,3074.79
25735,3186.72
30352,3084.2
27965,3410.39
40107,3440.5
50609,3334.92
52695,3691.93
52539,3572.91
74073,3136.94
98148,3668.44
24270,3399.47
87740,3641.69
51197,3578.53
31095,3928.45
24973,3397.28
79499,3270.75
26812,3539.98
94076,3816.58
69050,3936.15
80709,3417.99
95363,3410.39
54385,3926.8
72745,3762.05
78258,3983.88
99309,3610.19
75261,3459.65
24463,3668.95
22560,3954.39
80538,2545.7
81675,3793.62
87422,2762.74
59583,3044.52
34265,3383.01
48604,3013.35
94812,2847.58
65387,3873.72
45440,3359.37
41818,3085.55
57447,3823.78
13147,3914.98
87659,3610.28
11159,3732.92
63928,3254
92692,3377.21
24565,3215.57
56323,3434.07
23293,3846.59
42530,2837.85
83756,3341.67
85139,3933.84
60176,3397.2
34382,3728.19
34355,3078
32464,3956.66
50215,3865.57
22912,3763.64
61452,3308.85
91770,3697.32
52379,3763.73
77734,2966.26
94498,3531.46
52595,3654.2
62003,3000.77
30182,3809.2
62577,3947.86
13969,3752.26
75940,3960.64
45961,3092.03
44969,3084.29
90105,3116.72
70091,3347.94
48325,3524.37
15927,3430.38
85582,3347.32
21104,3262.18
45452,3763.64
46539,3486.16
40263,3232.33
40014,3668.63
92369,3702.28
67354,3486.98
55623,3000.75
53018,2905.33
78601,3540.25
55417,3668.14
44765,3887.04
78335,3441.51
63796,3865.57
68275,3962.41
54128,3928.45
93618,3752.48
49231,3752.48
12493,3377.12
86775,3694.37
78597,3656
38505,3502.05
54536,3828.03
43550,3835.64
72066,3481.42
39224,3000.86
41505,3965.57
47773,2937.22
57060,3281.42
97002,3592.48
26765,3241.33
34145,3865.57
85262,3298.93
55941,3802.05
58688,3459.83
75468,2561.84
11939,3312.91
56470,3763.55
17925,3705.77
67789,3854.46
87382,3685.95
55426,3763.82
87699,3891.32
41039,3392.9
92419,3741.16
18451,3126.14
16713,3386.23
12231,3811.35
26639,3348.96
64905,3228.3
82510,3445.97
31863,3521.69
75525,3683.39
18502,3046.75
72827,3668.59
51965,3972.94
42585,3811.26
31812,3911.11
95577,3906.69
82542,3668.14
53745,3403.66
23215,3974.84
77446,3830.04
21205,3410.39
67446,3774.66
82678,3477.66
81381,3733.1
41803,3441.24
60314,3766.42
97325,3334.29
63037,3726.32
42542,3956.66
63483,3308.29
94170,3376.32
75953,3091.67
15944,3501.3
39324,3261.82
51002,3836.99
34882,3402.2
86854,3521.42
81405,3228.03
77201,3478.41
78338,3462.02
58727,3683.48
48033,3131.65
13073,3820.02
65960,3865.66
12651,2969.4
98393,2858.57
58098,3477.2
85067,3527.29
55286,3490.01
53129,3540.74
58474,3426.93
28653,3334.89
76798,3452.02
88649,3903.64
51114,3318.83
29043,3928.73
21158,3382.99
81481,3502.31
77387,3774.66
48419,3948.52
50942,3092.03
20890,3858.97
15372,3143.88
88325,3483.37
32145,3895.23
67020,3504.1
20266,3456.04
26290,3828.12
22802,3610.88
73889,3641.32
85638,3598.36
44738,3395.01
66271,3740.98
29550,3392.7
72955,3268.23
92389,2649.83
97012,3543.44
68744,2957.22
33617,3678.97
88169,3873.89
48872,3729.11
58059,3732.83
13486,3858.97
57617,3774.75
75862,3520.5
13585,3763.64
59919,3915.16
21788,3729.02
75442,3906.68
71297,3430.27
88661,3641.69
44299,3780.03
58573,3885.57
29060,3213.89
27045,3533.1
96630,3956.66
51631,3954.39
72234,3956.66
32985,3407.58
54924,3710.1
90901,3412.64
54464,2172.68
78671,3000.93
53242,3697.41
72328,3622.87
23546,3091.85
93838,3871.6
82997,3869.49
49793,3001.34
93459,3937.65
79678,3911.11
11239,3479.66
90274,3958.74
68892,3974.84
65246,3954.4
71433,3911.11
61502,3705.87
82281,3095.91
86362,3156.7
26741,2834.71
72115,3274.21
83335,3763.55
65803,3094.79
34316,2957.3
71071,2667.51
83296,3697.32
11020,3683.39
59028,3970.75
78344,3463.33
19751,3871.6
79334,3098.35
63551,3954.39
88878,3395.53
28338,3978.17
45508,3547.11
31720,3802.05
66796,3668.98
19811,3566.63
47911,3501.99
26557,3334.17
98655,3042.37
77625,3835.88
66793,3681.87
45431,3291.99
17973,3737.88
54352,3783.93
55073,3139.58
77713,3287.25
42263,3716.89
90577,3715.85
91616,3854.19
94931,3479.48
82563,3968.33
17016,3531.37
63430,3975.73
65468,2905.78
34892,3566.8
81877,3657.53
69522,3001.03
97661,2584.29
79400,3828.03
87594,3668.32
17150,3830.04
22943,3459.92
31553,3264.21
79633,3368.32
68038,3459.83
81767,3668.53
53120,3185.91
73315,3441.23
24349,3334.44
63268,3630.9
39823,2667.66
72094,3228.3
83842,3637.84
99790,3371.54
27747,3735.61
18343,3401.47
87529,3319.39
43927,3334.6
82245,3315.78
36630,3479.48
49830,3273.85
38043,2577.9
29342,3958.73
69501,3915.25
81228,3537.34
26312,3744.59
19645,3573.18
63428,3842.14
99245,3364.54
34745,3109.47
71266,3183.03
67012,2681.87
50721,3981.58
12178,3491.23
71595,3319.48
37522,3346.38
16578,2864.32
60772,3319.21
68481,3793.71
91359,3155.46
14084,2864.13
63707,3354.57
13407,3864.5
78245,3001.05
42808,3865.57
26264,3479.84
11335,3239.12
19180,3911.11
78346,3922.32
97123,3201.83
98838,3223.84
48930,3743.18
34821,3410.57
23022,3964.05
57667,3928.45
85366,3956.66
29244,2961.42
21057,3561.51
52160,3823.78
68598,3925.5
21914,3790.64
58448,2404.93
96276,3345.01
29876,3858.97
59705,2949.01
22703,3395.8
83123,3820.02
92998,3669.06
91845,3716.21
94266,3617.08
16992,3157.74
48220,3668.14
61677,3891.32
28657,3918.89
30029,3702.19
99230,3793.62
48551,3429.68
39193,3065.73
73326,3501.61
37124,3193.65
54011,3446.06
47885,3835.97
84538,3830.13
94126,3309.3
83594,3715.85
99870,3701.77
68878,3592.3
12721,3683.39
15468,3392.88
93772,3936.15
16772,3744.32
83668,3384.49
30608,3459.56
78779,3653.75
97633,3175.13
15192,3081.15
68096,3380.86
37016,3958.73
34229,3705.68
10044,3705.86
62116,3962.41
51727,3477.3
22289,3191.32
61796,3209.38
61569,3521.42
61739,3609.04
79636,3251.05
58133,3585.37
30145,3131.38
29020,3239.21
30214,3697.5
49851,3869.58
28156,3915.16
20968,3886.95
51229,3668.14
18733,3462.88
48231,3231.75
23080,3911.11
60384,3297.47
57295,3962.42
26962,3712.07
96137,3455.76
15960,3424.56
48824,2962.79
50114,3525.01
55972,3958.73
71088,3690.07
12045,2783.45
67133,3566.71
37368,3697.32
52037,3520.05
46280,3911.11
90475,3911.11
29104,2695.98
28654,3592.48
69705,3811.26
69329,3891.32
56499,3486.63
85148,3877.13
43412,3572.99
95511,3537.43
85416,3820.02
76472,3273.94
12860,2360.71
29513,3386.23
39333,3964.05
41332,3523.14
25331,2726.49
30219,3323.15
94277,3161.51
87811,3655.64
84461,3546.75
89628,3911.11
38151,3776.93
92383,3835.37
44663,3408.19
39765,3873.8
88006,3444.72
84519,3334.74
67117,3382.06
27505,3811.26
43855,3477.57
26638,2893.11
89666,3191.59
85829,3455.67
53476,2984.84
96498,3273.29
56418,2909.58
39081,3988.07
25695,3710.1
76417,3877.84
89437,3864.61
44196,3925.5
80333,3828.03
85053,3584.84
18375,3962.41
55344,3909.27
45505,2617.63
36191,3137.39
17502,3978.17
72838,2810.62
60895,2906.63
78899,3334.74
95239,3835.37
54541,3096.17
33544,3925.59
70185,3751.34
56189,3579.07
29769,3566.89
16124,3262.19
60151,3260.7
25668,3321.33
55700,3537.34
67727,3084.21
79653,3239.3
96735,3962.41
16281,3601.6
47138,3087.55
40454,3622.6
89725,3557.18
73632,3572.72
58625,3523.23
17882,3788.33
61951,3456.48
15985,3751.95
73880,3543.17
73926,2917.29
64465,3912.12
25188,3334.62
92873,3931.19
61775,3873.8
12451,3087.41
36008,3189.18
17955,3191.59
66133,3820.02
23921,3960.64
40467,3531.55
90470,3763.82
63416,3835.37
40093,3543.26
80393,3144.7
87873,2667.33
12167,3326.28
33461,3501.55
63924,3238.12
88875,3252.35
86877,3201.07
48680,3281.25
42722,3552.65
11613,3475.86
43764,3911.11
35218,3954.39
84009,3820.02
87551,3858.97
49057,3960.64
62515,2136.76
75091,3779.94
97892,3918.89
89776,3842.17
17635,3304.71
90395,3817.15
72479,3220.34
37013,3906.68
45429,3668.56
60999,3892.14
21206,3417.99
91713,3722.05
21186,3095.07
96662,3175.23
47921,2955.31
82956,3137.75
35789,2574.46
20355,2888.15
36834,3108.37
48738,3627.14
93375,3131.39
95295,3452.94
81423,3751.95
29254,3858.97
64472,3131.2
35836,2934.89
62675,3655.73
63739,3715.94
78807,3573.33
23432,3874.59
24955,3430.02
81069,3774.48
40053,3410.12
22999,3769.04
38845,3568.5
24130,3906.68
99183,2943.84
23171,3804.37
68147,3655.64
49273,3563.16
67106,3909.18
87291,3835.88
39936,3518.89
21307,3450.01
27552,3243.02
85398,3808.62
79004,3273.85
14708,3599.84
24910,3438.09
41736,3282.56
90833,3763.55
89192,3849.6
34037,3000.74
59115,3268.05
16920,2853.91
38756,3915.16
83533,3462.57
69900,3890.4
60879,3776.23
83222,2563.28
35698,3881.7
24129,3895.39
88142,3895.25
27559,3886.87
56812,3763.82
60915,2715.13
59894,3481.42
68467,3413.56
88094,3382.33
67549,3680.56
31051,3365.41
95031,3523.23
85695,2530.2
62239,2984.27
56377,2667.72
94526,3125.96
92771,3902.73
17628,3637.84
38177,3732.75
82104,3886.95
10479,3877.15
84262,3958.73
78063,3592.57
75582,3537.43
73131,2991.09
59541,2778.77
45022,3344.65
68818,3793.62
73581,3572.99
50213,3635.43
29433,3697.59
88800,3126.32
26491,3191.68
85420,3032.2
84498,3266.67
94047,3348.96
61923,3835.88
28102,3152.84
42021,3477.57
77272,3835.46
27370,3740.89
48904,3922.32
70692,3784.46
10529,3972.91
12287,3906.68
42582,3715.85
86866,2738.98
82878,3215.56
85125,3399.71
56911,3915.25
87847,3865.57
60535,3634.12
52861,3550.2
24089,3958.73
57665,3954.39
19530,2918.05
54642,3358.68
75362,3401.42
20866,3262
88239,3386.51
33837,3543.63
85769,3311.8
78171,3802.05
33242,3207.12
50578,3163.61
52793,3034.62
57856,3450.1
24424,3092.23
38823,2929.39
51773,3436
61855,2725.76
71482,3820.29
74851,3523.32
52368,3647.27
46827,3501.21
47588,3380.58
10341,3882.23
63850,3828.03
27398,3968.33
96406,3774.57
94799,3655.64
40245,3489.46
61408,3372.71
37289,3435.91
75912,3334.99
78117,3177.98
26651,3429.61
17481,3771.3
80074,3742.81
73915,3922.32
36906,3918.89
16268,3958.73
17554,3869.58
32456,3658.64
60847,3865.57
88257,3821.86
22653,3895.39
96458,3892.13
13444,3232.02
89160,3494.61
16364,3598.18
49874,3376.5
54072,3647.63
11524,2967.27
65905,3548.85
71924,2680.61
80472,3626.68
87069,3694.37
66901,2822.25
10417,2364.49
75207,3143.97
19032,3626.86
98497,3149.51
90041,3319.3
72470,3479.75
87943,3572.72
46756,3956.66
89672,2934.35
62234,3751.86
82492,3038.21
22262,3925.5
38196,3886.95
74037,3302.26
47455,3626.77
58751,3091.76
67088,3042.81
44775,3144.36
86358,3988.03
31576,3077.15
31891,3971.63
44915,3393.02
48309,2622.37
17600,3182.44
30686,3965.7
20426,3479.79
48585,3585.01
78845,3653.84
43232,3104.55
46442,3794.09
72074,3092.07
86271,3311.99
79775,3096.44
52853,3553.9
87229,3429.68
50145,2858.25
92638,3177.71
53309,3864.61
14572,3477.39
22632,2872.09
96003,3023.46
27607,3429.6
64524,3183.03
47963,3572.72
56948,3851.33
56464,3817.53
85377,3561.6
45631,3802.05
17067,3774.48
84936,3762.05
65346,3835.37
83945,2880.02
53036,3956.66
87970,3886.95
15925,3820.29
15667,3418.26
29991,3540.43
53241,3108.41
94205,3950.99
61044,3453.37
65710,3395.72
83038,3371.9
66447,3501.68
71918,3974.85
92788,3459.11
25206,3209.47
12241,3230.09
40143,3771.29
73788,3858.97
87677,3356.32
10914,3382.24
48364,3715.85
58901,3871.6
35503,3715.86
30436,3554.91
63299,3501.79
86102,3938.4
30387,3521.6
18823,3239.48
21517,3239.03
13804,3762.23
52712,3683.75
18051,3547.4
27723,3705.86
96017,3349.42
66076,2667.39
30453,3270.32
35540,2773.76
50002,3334.88
24319,3712.24
87631,3251.27
90784,3186.46
36429,3602.37
81057,3959.88
71862,3920.18
57254,3820.51
42031,3715.85
11714,3226.63
10001,3501.54
85007,3410.21
94764,3459.56
98050,3884.7
29892,3918.89
21138,3321.42
51458,2714.95
55196,3207.39
69268,3479.48
13070,3264.98
37980,3191.68
51181,3814.06
57164,3817.33
54326,3418.47
11882,3811.26
27819,3064.08
92813,2834.11
67566,3809.01
10982,3334.92
77083,3592.3
71606,3078.31
43933,3771.29
96141,3446.6
82227,3926.31
49391,3486.4
98832,3503.18
90426,3713.33
50271,3566.62
23733,2589.48
43731,3292.81
44462,2591.67
34463,3668.23
14754,3547.58
82378,3564.8
95888,2728.32
30590,3543.08
47664,2741.31
32273,3296.24
32825,2841.42
72408,3168.42
26821,3027.77
73467,3445.92
36612,3118.38
57765,3142.95
52463,3749.35
45776,3134.37
37993,3835.46
71749,3970.75
68628,3325.87
25429,2747.77
37094,2471.89
12771,3277.5
93094,3921.02
71934,2511.63
10364,3681.78
47103,3742.99
60170,3410.12
72994,3601.6
75324,3577.91
71242,3392.61
45073,3410.66
53197,3954.39
76851,3682.14
81185,3446.33
84174,3143.79
21609,3292.9
26971,3732.53
57263,3108.05
69124,3828.03
79700,3589.94
16370,3715.86
70543,3958.73
17353,3960.64
23308,3918.98
33166,3292.81
49795,3484.4
13175,3435.25
77613,3523.23
37441,3942.6
68570,3925.37
54798,3925.51
58271,3906.68
20757,3763.55
96467,3638.02
64206,3871.6
43254,3228.57
48688,3173.42
86522,3305.75
74991,3172.59
90550,3325.13
50348,3620.43
33401,3865.57
41280,3954.39
73404,3939.12
29125,3706.13
67561,3653.75
49827,3594.57
97178,3978.75
12051,3268.14
68532,3906.68
40169,3763.55
78890,3620.7
20696,3936.16
69234,3715.85
67627,3349.14
31572,2391.8
76737,3270.66
57120,2794.87
77711,3001.16
12593,2834.36
32359,3119.43
66702,3573.15
82122,2875.98
12389,3243.02
16380,2885.6
96908,3867.5
67199,3637.93
32572,3721.87
52095,3149.05
83475,3334.26
28860,3183.12
46008,3931.19
69023,3643.67
63474,3356.18
19011,3434.3
37610,3468.23
50558,3760.16
92349,3724.92
67610,3868.12
24126,3817.06
93443,3401.38
18268,3860.19
87343,3482.92
73846,3313.9
90030,3001.35
63773,3502.14
47531,3087.82
99848,3871.6
10875,3811.26
29059,3871.6
85088,3637.85
52128,3309.08
55004,2928.26
36264,3978.91
27199,3973.13
87127,3543.08
28515,3657.26
82706,3668.77
99447,3070.87
68159,2663.28
54592,3473.4
29458,3994.67
26740,2858.07
16125,2719.14
53655,3710.19
75885,3381.97
49113,3668.56
26546,3602.45
82267,3039.98
12921,3474.65
11885,3382.08
29093,3467.32
64541,3315.41
28855,3323.06
98312,3518.88
19619,3918.89
86044,3001.37
97613,3784.46
54748,3835.38
44688,3040.97
80203,3447.05
19532,3763.55
58298,3132.08
28611,3421.38
77214,2784.32
24652,3835.88
